Mensagem,T√≥pico,Subt√≥pico
Ol√°,Outros,
Opa,Outros,
"Salve, ",Outros,
"Fiquem a vontade para incluir nessa tarefa outros t√≥picos, como por exemplo um item pr√≥ximos passos",Outros,
Boa Tarde !!!,Outros,
‚ÄéSTK-20241002-WA0030.webp (arquivo anexado),Outros,
"Pessoal, ",Outros,
Esse trabalho √© fonte de outro trabalho importante da FGV sobre o tema.  Ainda n√£o revisei todo o conte√∫do dos 5 dias da Consulta Aberta do CNJ e n√£o posso confirmar ainda se h√° men√ß√£o ao texto.  Vou enviar tamb√©m essa bibliografia.,Ferramentas e Plataformas,Zotero
Seja bem vindo Victor.,Ferramentas e Plataformas,
"Muito obrigado, Luiz. Vamos juntos descobrir como usar da melhor maneira a IA no Direito.",Conceitos T√©cnicos e Fundamentos de IA,Fundamentos de IA e LLMs
‚ÄéEntendendo Algoritmos Defini√ß√µes e Aplica√ß√µes na Matem√°tica e Inform√°tica.pdf (arquivo anexado),Conceitos T√©cnicos e Fundamentos de IA,Fundamentos de IA e LLMs
o arquivo acima √© o registro na blockchain do estado das discuss√µes.,Conceitos T√©cnicos e Fundamentos de IA,
‚Äé2024-10-06_07-12-14-Carta √âtica Europeia sobre a utiliza√ß√£o da IA nos sistemas judiciais e no respetivo ambiente.pdf (arquivo anexado),Ferramentas e Plataformas,Geral
"Pessoal, com esses dois trabalhos que deixo aqui para voc√™s vou aproveitar para focar nos processos que preciso acompanhar aqui. A conta do uso nessas duas √∫ltimas semanas chegou e veio bem cara. Vou pesquisar modelos mais baratos para que possamos manter a opera√ß√£o do grupo.",Aplica√ß√µes Jur√≠dicas Pr√°ticas,Processos e Fluxos de Trabalho Jur√≠dicos
"Para o pr√≥ximo encontro, seria muito bom que alguns de voc√™s j√° pesquisassem sobre duas ferramentas que vou deixar o link abaixo: obsidian e zotero.",Ferramentas e Plataformas,Geral
https://obsidian.md,Ferramentas e Plataformas,Obsidian
https://www.zotero.org,Ferramentas e Plataformas,Zotero
Seja bem vindo Dr Wanderlei!,"Quest√µes √âticas, Regulat√≥rias e Sociais","Regula√ß√£o, Direito e Governan√ßa da IA"
"Bem vindo Dr. Wanderlei. √â um prazer t√™-lo conosco. Fique a vontade para se apresentar ao grupo e falar um pouco de como acredita que um grupo de estudos como o nosso pode te ajudar. Se quiser acrescentar mais informa√ß√µes, fique a vontade.  Depois compartilharei uma pasta com os materiais que estamos produzindo.",Conceitos T√©cnicos e Fundamentos de IA,Fundamentos de IA e LLMs
Obrigado @5511960285788 por trazer uma amigo.,Conceitos T√©cnicos e Fundamentos de IA,
"boa noite. Tenho trauma do zotero. H√° algum tempo, tentei e n√£o consegui usar.",Ferramentas e Plataformas,Zotero
Ent√£o vamos resolver isso meu amigo.,Ferramentas e Plataformas,
Bem vindo Caio,Ferramentas e Plataformas,
Se apresenta a√≠ pro grupo. Pra gente te dar as boas vindas,Ferramentas e Plataformas,
Sou advogado e moro em Bauru SP,Ferramentas e Plataformas,
"Bem-vindo, Caio.",Ferramentas e Plataformas,
Seja bem-vindo!!!,Ferramentas e Plataformas,
"Obg. Bom dia. Meu nome √© vallerie maia. Conforme conversava com luiz Peixoto ontem, o PNe √© um projeto/pratica conceitual que ja venho adotando antes da pandemia e pretendo aperfei√ßoar/automatizar com o uso da IA. Espero contribuir com os demais compartilhando experi√™ncias com uso da IA no fluxo de trabalho para gerarmos valor m√∫tuo neste grupo.",Aplica√ß√µes Jur√≠dicas Pr√°ticas,Processos e Fluxos de Trabalho Jur√≠dicos
Tenho usado o obsidian mais API do smart connection como segundo c√©rebro (digital juridico) para construir uma base de conhecimento que possa ser potencializada com a IA (=superagentes de IA).,Ferramentas e Plataformas,Obsidian
"Ol√° Vallerie, seja bem vinda.",Ferramentas e Plataformas,
Salve Caio de Bauru!,Ferramentas e Plataformas,
"Sim, Vallerie, ",Ferramentas e Plataformas,
Mas a ideia √© um passo depois disso:,Conceitos T√©cnicos e Fundamentos de IA,Fundamentos de IA e LLMs
E pra que serve essa medida?  √â uma medida que pode nos fornecer a capacidade de processamento.,Conceitos T√©cnicos e Fundamentos de IA,Hardware e Infraestrutura
"Podemos medir o que o grupo faz, sem e com AI.  Ao mesmo tempo que podemos avaliar o avan√ßo e aumento da produtividade.",Aplica√ß√µes Jur√≠dicas Pr√°ticas,Processos e Fluxos de Trabalho Jur√≠dicos
"O maior escrit√≥rio do Brasil, estima-se em 8000 advogados, ou 8kPG.  Que tal se pudessemos montar uma estrutura que correspondesse a sua capacidade de trabalho e produ√ß√£o n√£o com 8k pessoas?  Pegaram a ideia?",Conceitos T√©cnicos e Fundamentos de IA,Fundamentos de IA e LLMs
https://share.note.sx/jitral2u,Conceitos T√©cnicos e Fundamentos de IA,
üëè,Conceitos T√©cnicos e Fundamentos de IA,
Bora atualizar isso para incluir a tua parte de contribui√ß√£o @558182243530 .  Vamos come√ßar a pensar em como vamos capacitar o nosso pessoal.,Conceitos T√©cnicos e Fundamentos de IA,
https://www.instagram.com/reel/DAHbD8igkLH/?igsh=bHFrcGxlNnd0MHkx,Conceitos T√©cnicos e Fundamentos de IA,
Bem vindo Leo,Conceitos T√©cnicos e Fundamentos de IA,
‚ÄéIMG-20241010-WA0031.jpg (arquivo anexado),Conceitos T√©cnicos e Fundamentos de IA,
‚ÄéIMG-20240930-WA0121.jpg (arquivo anexado),Conceitos T√©cnicos e Fundamentos de IA,
https://www.conjur.com.br/2024-out-10/nos-antecipamos-as-necessidades-dos-advogados-diz-magistrado-que-zerou-acervo-com-ia/,Conceitos T√©cnicos e Fundamentos de IA,Fundamentos de IA e LLMs
https://youtu.be/wPEyyigh10g?si=m8YFwy6h41QmgJOa,Conceitos T√©cnicos e Fundamentos de IA,
https://youtu.be/UbDyjIIGaxQ?si=Hj1fDJnsR5WTCfWh,Conceitos T√©cnicos e Fundamentos de IA,
"Bom dia, pessoal",Conceitos T√©cnicos e Fundamentos de IA,Fundamentos de IA e LLMs
"Bom dia Viny, seja bem vindo.",Conceitos T√©cnicos e Fundamentos de IA,Fundamentos de IA e LLMs
"Fechado, Luiz",Conceitos T√©cnicos e Fundamentos de IA,
Temos feito sempre uma rodada de apresenta√ß√£o inicial em que quem est√° chegando nos d√° um pouco de informa√ß√µes a seu repeito para o grupo ver como pode auxiliar em seus projetos e se reorganizar com o que j√° estava em andamento.  Fique a vonatde.,Aplica√ß√µes Jur√≠dicas Pr√°ticas,Documentos Jur√≠dicos e Pe√ßas Processuais
"Me chamo Vinyel Victor, sou advogado, concurseiro tamb√©m de carreira, ent√£o muitas coisas da intelig√™ncia artificial tamb√©m utilizo em outros projetos, n√£o apenas ligados √† advocacia. Meu romance com IA aplicada ao Direito come√ßou recente, quando descobri que na minha seccional n√£o tinha Comiss√£o de IA, ent√£o decidi criar uma e ser o presidente para tomar a frente do tema, e desde ent√£o n√£o parei mais. Estudo m√©todos, ferramentas, formas de integrar mais e mais a IA a minha realidade para que as pessoas saibam do real potencial da IA. Coisa que poucos sabem. Tamb√©m estudo a IA como forma de potencializar projetos pessoais, como at√© mesmo a cria√ß√£o de uma start-up.",Ferramentas e Plataformas,Geral
"Que interessante.  Isso expende muito nossos horizontes.  Por hora vislumbro algumas √°reas em que podemos nos organizar.  Temos um pessoal que auxilia com as plataformas digitais de reuni√µes online, produtores de conte√∫do, gente ligada a projetos de forma√ß√£o acad√™mica e escrit√≥rios de pr√°tica jur√≠dica, h√° quem cogite de ampliarmos algo para escrit√≥rios e atendimento √†s seccionais - talvez um projeto. Alguns contatos acenam tamb√©m para aplica√ß√µes quotidianas como verifica√ß√£o de precedentes. Outros mais avan√ßados tratam de quest√µe relativas √† autocomposi√ß√£o, jurismetria e predi√ß√£o de tend√™ncias, chats e automa√ß√£o do processos.",Ferramentas e Plataformas,Geral
Todos os temas s√£o interessantes,Ferramentas e Plataformas,
"Sim, estou trabanhdo agora no framework para github e o material que vamos usar, depois poderemos expandir para contratos eletr√¥nicos e ethereum",Aplica√ß√µes Jur√≠dicas Pr√°ticas,Documentos Jur√≠dicos e Pe√ßas Processuais
<Video note omitted>,Aplica√ß√µes Jur√≠dicas Pr√°ticas,
Tenho um agente que auxilia na revis√£o de conte√∫do de concurso e simula√ß√£o de novas quest√µes,Conceitos T√©cnicos e Fundamentos de IA,Fundamentos de IA e LLMs
Estou aceitando qualquer mecanismo que auxilie na prepara√ß√£o,Conceitos T√©cnicos e Fundamentos de IA,
Vou anotar aqui,Conceitos T√©cnicos e Fundamentos de IA,
"N√∫cleo, ",Conceitos T√©cnicos e Fundamentos de IA,
Ol√°!,Conceitos T√©cnicos e Fundamentos de IA,
Estou cuidando agora de pensar na melhor configura√ß√£o para o github e como treiniar o pessoal com as ferramentas que vamos utilizar no trabalho.,Ferramentas e Plataformas,Geral
Irei ler depois!  Boa noite !,Ferramentas e Plataformas,
https://youtu.be/CMqfrhMQj_I?si=l8T5_crZzpj3Er2k,Ferramentas e Plataformas,
Seja bem vinda Dr Ang√©lica!,Ferramentas e Plataformas,
"Bem vida,",Ferramentas e Plataformas,
"Boa tarde, amigos caus√≠dicos!",Ferramentas e Plataformas,
"Logo vou disponibilizar o reposit√≥rio do GitHub com alguns prompts. O trabalho est√° no ritmo que consigo impor aqui com os afazeres do escrit√≥rio, mas logo j√° devemos ter algum material para treinamento",Conceitos T√©cnicos e Fundamentos de IA,Fundamentos de IA e LLMs
Ok!,Conceitos T√©cnicos e Fundamentos de IA,
https://youtu.be/Y3Xj9WwvaLw?si=I0DtXC9jthnUtlRp,Conceitos T√©cnicos e Fundamentos de IA,
"Pessoal, j√° temos uma api gratuita para interagir com agentes a partir do whatsapp",Ferramentas e Plataformas,C√≥digo e Bibliotecas
https://www.youtube.com/live/S62Zh47clf4?si=QMJagNUbJyLG9EN3,Ferramentas e Plataformas,
Aproveitando o ensejo,Ferramentas e Plataformas,
"Vou encabe√ßar um projeto em n√≠vel de subse√ß√£o e um a n√≠vel estadual dentro da OAB MT ligada a IA e novas tecnologias para o Direito. Elei√ß√µes ocorreram ontem. Dito isso, vou pegar ideias de como implementar isso, j√° com a ideia dos di√°logos trocados atualmente, ent√£o conforme for sendo tratado em pauta, seria interessante a colabora√ß√£o dos demais membros neste sentido",Conceitos T√©cnicos e Fundamentos de IA,Fundamentos de IA e LLMs
Parab√©ns pela vit√≥ria. Conte com meu apoio.,Conceitos T√©cnicos e Fundamentos de IA,Fundamentos de IA e LLMs
https://chat.deepseek.com,Ferramentas e Plataformas,LLMs e Modelos
Qual modelo utiliza?,Ferramentas e Plataformas,
deepseek,Ferramentas e Plataformas,LLMs e Modelos
https://www.deepseek.com,Ferramentas e Plataformas,LLMs e Modelos
A documenta√ß√£o est√° ai,Ferramentas e Plataformas,
‚ÄéIMG-20241127-WA0018.jpg (arquivo anexado),Ferramentas e Plataformas,
Achei q √© usava alguma api existente,Ferramentas e Plataformas,C√≥digo e Bibliotecas
E aquela vercel ia playground?,Conceitos T√©cnicos e Fundamentos de IA,Fundamentos de IA e LLMs
A api √© do deepseek mesmo.,Ferramentas e Plataformas,LLMs e Modelos
E a outra?,Ferramentas e Plataformas,
Que outra?,Ferramentas e Plataformas,
.,Ferramentas e Plataformas,
Vercel ia playground,Conceitos T√©cnicos e Fundamentos de IA,Fundamentos de IA e LLMs
https://www.perplexity.ai/search/traga-informacoes-completas-so-bAf62fYoR3qdlnNfWGZLbg,Ferramentas e Plataformas,LLMs e Modelos
quando ao vercel sdk j√° ouvi falar mas nunca testei. Me parece um hub para cria√ß√£o de integra√ß√µes e desenvolvimento em js,Ferramentas e Plataformas,C√≥digo e Bibliotecas
"A quest√£o em que sempre acabamos batendo √© nos custos.  Para manter a seguran√ßa precisamos usar modelos opensource, mas precisamos de processamento para manter a seguran√ßa.  Caso contr√°rio acabamos pagando altos pre√ßos dos modelos propriet√°rios e entregando todo o ouro para as corpora√ß√µes.  Imagine todos os processos do escrit√≥rio sendo acessados pela open ai?   Veja o projeto que fizeram ->  https://www.pjeia.com.br",Aplica√ß√µes Jur√≠dicas Pr√°ticas,Processos e Fluxos de Trabalho Jur√≠dicos
"A forma de mitigar esses riscos √© utilizar os modelos abertos e apostar em um sistema de baixo custo.  Enfim, discuss√£o bem longa...",C√≥digo Aberto e Custo,Open Source e Transpar√™ncia
https://youtu.be/CK0oj9Ktfec?si=mWq3aMpaFg9oKy1-,C√≥digo Aberto e Custo,
agora que vi que a plataforma indicada cobra pelos servi√ßos. De minha parte n√£o h√° endosso para inscri√ß√µes.,Ferramentas e Plataformas,Geral
https://youtu.be/eXdVDhOGqoE?si=AJbDIDNnHjV_qMM1,Ferramentas e Plataformas,
"Bom dia, quem j√° usou o ADAPTA? O que acharam?",Conceitos T√©cnicos e Fundamentos de IA,Fundamentos de IA e LLMs
https://mammouth.ai/pricing  oferece o mesmo por menos pre√ßo.,C√≥digo Aberto e Custo,Custo e Viabilidade Econ√¥mica
Prefiro o inner,C√≥digo Aberto e Custo,
escala bem maior e mais barato,C√≥digo Aberto e Custo,Custo e Viabilidade Econ√¥mica
"√â sempre bom ter dedund√¢ncia nesses sistemas. N√£o d√° para colocar todos os dados em uma plataforma s√≥. Se a plataforma acaba, voc√™ perde tudo.",Ferramentas e Plataformas,Geral
N√£o vai acabar do dia pra noite,Conceitos T√©cnicos e Fundamentos de IA,Fundamentos de IA e LLMs
Ol√° pessoal - Leo Toco por aqui.,Conceitos T√©cnicos e Fundamentos de IA,
"A taxa de mortalidade das startups √© alarmantemente alta, com v√°rias estat√≠sticas indicando que a maioria delas n√£o sobrevive por muito tempo. ",Conceitos T√©cnicos e Fundamentos de IA,Fundamentos de IA e LLMs
O uso m√©dio das pessoas √© baixo.,Conceitos T√©cnicos e Fundamentos de IA,
A tese da Inner me parece ser na que o usu√°rio usa pouco. ,Conceitos T√©cnicos e Fundamentos de IA,
Ou seja - arriscado sobretudo para quem pensa em usar bastante no dia a dia,Conceitos T√©cnicos e Fundamentos de IA,Fundamentos de IA e LLMs
Na minha humilde opini√£o o foco n√£o deveria ser economizar os 20 dolares e sim gerar 100x mais $ com os 20 dolares investidos,Conceitos T√©cnicos e Fundamentos de IA,Fundamentos de IA e LLMs
Tenho conhecimento,Conceitos T√©cnicos e Fundamentos de IA,"Racioc√≠nio, L√≥gica e Sem√¢ntica"
O problema √© o or√ßamento,C√≥digo Aberto e Custo,Custo e Viabilidade Econ√¥mica
"Posso te dar um exemplo, v√£o remover a fun√ß√£o de √°udio dentro da plataforma pelo alto custo n√£o compensar a quantidade usu√°rios que utilizam",Ferramentas e Plataformas,Geral
"mas se n√£o tem atividade para mandar pra IA, mesmo a Inner √© cara",Conceitos T√©cnicos e Fundamentos de IA,Fundamentos de IA e LLMs
"Fundamental entender que ningu√©m vai depender s√≥ de uma plataforma para fazer as coisas, o uso acaba sendo ramificado",Ferramentas e Plataformas,Geral
N√£o entendi o ponto,Ferramentas e Plataformas,
"Prazer, j√° nos conhecemos em outros grupos que estamos inseridos! Seja bem vindo!",Ferramentas e Plataformas,
Obrigado!,Ferramentas e Plataformas,
Correria da vida mas espero conseguir contribuir mais por aqui,Conceitos T√©cnicos e Fundamentos de IA,Fundamentos de IA e LLMs
"Pesssoal, ",Conceitos T√©cnicos e Fundamentos de IA,
Gostei!,Conceitos T√©cnicos e Fundamentos de IA,
Vai melhorar. Vou automatizar com agentes com crewai,Conceitos T√©cnicos e Fundamentos de IA,Fundamentos de IA e LLMs
"E depois que o c√≥digo estiver pronto, com o Claude desktop vamos pedir um m√≥dulo destes com o tema que quisermos, por exemplo: direito constitucional adpfs direito banc√°rio e direito do consumidor, prepare um m√≥dulo de estudo, exporte para pdf e envie pelo whatsapp para meus grupos de estudos",Ferramentas e Plataformas,LLMs e Modelos
"O Crewai precisa de conhecimento em TI, tenho assistido algumas aulas",Conceitos T√©cnicos e Fundamentos de IA,"Racioc√≠nio, L√≥gica e Sem√¢ntica"
"Um pouco. Com o Cursor, um pouquinho s√≥ de Python",Ferramentas e Plataformas,IDEs com LLM
Maravilha lerei com calma,Ferramentas e Plataformas,
At√© assisti uma aula sobre Python mas precisa se dedicar um pouco para entender a linguagem,Ferramentas e Plataformas,C√≥digo e Bibliotecas
"Tem uma curva de aprendizado, mas ela diminuiu bastante",Ferramentas e Plataformas,
"A√≠ fica puxado, entendo um pouco do tema, mas bem por cima",Ferramentas e Plataformas,
"N√£o se preocupe; se j√° come√ßou, apenas continue a marcha. Um pouco de cada vez",Ferramentas e Plataformas,
Bom dia!!,Conceitos T√©cnicos e Fundamentos de IA,Fundamentos de IA e LLMs
Muito bom!,Conceitos T√©cnicos e Fundamentos de IA,
Vou testar. Ter o controle das fontes √© essencial.,Ferramentas e Plataformas,Zotero
Salve meu amigo!,Ferramentas e Plataformas,
*consegui fazer um em portugu√™s*. A voz feminina representa o que a AI aprendeu com o algoritmo,Conceitos T√©cnicos e Fundamentos de IA,Fundamentos de IA e LLMs
T√° funcionando padr√£o ou fez algo pra fazer funcionar?,Conceitos T√©cnicos e Fundamentos de IA,
"ah, isso foi uma hackeada no sistema que aprendi a fazer.  Mas o modelo Gemini Flash 2.0 lan√ßado ontem j√° consegue ser multimodal nos dois sentidos. O que isso significa? Ele tem no√ß√£o espacial, alguma coisa de reasoning, tem capacidade de ver re ""ouvir"" os sons; s√≥ que agora ele pode al√©m de consultar a internet, responder com voz, textos e at√© filmes.  Ainda √© o flash e o modelo completo sair√° em daqui a pouco. Desconfio que depois que o GPT lan√ßar sua nova vers√£o completa, o Sora √© um exemplo.  Mas estou mais com os modelos mais simples e de baixo custo.  Os de engenharia aberta possibilitam maior  controle dos algoritmos como √© o exemplo do estudo de caso que apresentei a pouco.",Ferramentas e Plataformas,LLMs e Modelos
Utilizei o Perplexity para a pesquisa inicial de contexto.,Ferramentas e Plataformas,LLMs e Modelos
‚ÄéIMG-20241212-WA0010.jpg (arquivo anexado),Ferramentas e Plataformas,
"Na segunda parte, utilzei o DeepSeek-R1 - gratuita por√©m com janela de contexto mais reduzido. O que me imp√¥s o desavio de criar loops para um algoritmo que fosse consistente e pudesse ser reproduzido para partes diferentes do conte√∫do gerado.",Ferramentas e Plataformas,LLMs e Modelos
O que me economizou os 200 dolares por m√™s do custo da vers√£o full do GPT,Aplica√ß√µes Jur√≠dicas Pr√°ticas,Processos e Fluxos de Trabalho Jur√≠dicos
Eu tenho a vers√£o pro do perplexity,Ferramentas e Plataformas,LLMs e Modelos
J√° os modelos da Antropic v√£o entrar na pr√≥xima etapa ,Ferramentas e Plataformas,
Quem √© cliente vivo tem a promo√ß√£o de 1 ano gr√°tis da perplexity,Ferramentas e Plataformas,LLMs e Modelos
"√â excelente, uso a todo momento.  Ele vai entrar depois",Ferramentas e Plataformas,
Os da antropic v√£o  ajudar na parte do c√≥digo e na cria√ß√£o dos agentes.  A ideia √© que cada processo seja documentado com os algoritmos e gerem uma avalia√ß√£o e o self-learning e self-improuvment.  Claro que esse self √© supervisionado.  Ai √© que n√≥s entramos forte com as discuss√µes e avalia√ß√µes.,Ferramentas e Plataformas,C√≥digo e Bibliotecas
"Vou esperar uns dias e ler essa primeira parte da bibliografia para checar os resultados e fazer uma avalia√ß√£o minuciosa. Talvez expandir um pouco.  Enquanto isso vou tentar entrar em contato com Matthew Berman, Joao Moura,  Daniel Miessler que s√£o caras que me inspiram bastante, por isso deixei os textos em ingl√™s e portugu√™s. Berman √© um cara de vis√£o e est√° inteirado e informa com muita precis√£o sobre todos os testes comparativos e tecnologias, est√° desenvolvendo algo muito parecido com esse algoritmo que apresentei para voc√™s, com quem? Com o Jo√£o que √© o nosso brazuca criador do crew ai. O Miessler √© o cara  que inspirou muito meu trabalho recente, com o fabric. Os prompts do cara s√£o simplesmente incr√≠veis.  N√£o s√≥ pelo resultado, mas porque s√£o transparentes e voc√™ aprende muito se entender o processo.  Todos alinhados com a vis√£o de opensource e tamb√©m de forma√ß√£o e treinamento.  S√£o uma esp√©cie de super astros no youtube, mas quem sabe eu n√£o consiga chegar a eles.  Vou pedir ajuda na fase de cria√ß√£o e apresentar o trabalho.  Mas mesmo que n√£o consiga, estou seguindo de pertinho o desenvolvimento que est√£o fazendo.",Ferramentas e Plataformas,Zotero
https://youtu.be/Aq3CEjUxFxU?si=yWzg9hdXmjTIFPHR,Ferramentas e Plataformas,
https://youtu.be/YX09aXcFpkA?si=BmAXn8mZ0PmrGwro,Ferramentas e Plataformas,
https://youtu.be/twzgEBabOBk?si=ywqKyQwd4sR5cuyt,Ferramentas e Plataformas,
https://youtu.be/nTQIYWgn-lQ?si=oO25rLZe7pMMpFvA,Ferramentas e Plataformas,
"E claro, tem tamb√©m o Sandeco",Ferramentas e Plataformas,
"Eu j√° uso essa IA, mas gratuita, preciso explorar mais essa ferramenta para extrair o melhor dela <Mensagem editada>",Ferramentas e Plataformas,Geral
Eu tamb√©m. Um pouquinho a cada dia,Conceitos T√©cnicos e Fundamentos de IA,Fundamentos de IA e LLMs
"Esse neg√≥cio tira o sono, se n√£o tiver cuidado, adoece",Conceitos T√©cnicos e Fundamentos de IA,
"Todos os dias fico aqui no computador estudando sobre Intelig√™ncia Artigicial, tira o sono, tem sempre algo novo e mais potente. Quase n√£o desligo disso. Mas para √°rea do direito preciso aprender muito, est√° sendo um software muito avan√ßado essas ferramentas com esses logaritmos. <Mensagem editada>",Ferramentas e Plataformas,Geral
Assunto para estarmos atentos nas poss√≠veis discuss√µes sobre direitos autorais de conte√∫do produzido pela IA. ,Conceitos T√©cnicos e Fundamentos de IA,Fundamentos de IA e LLMs
@5511960285788 Sensacional esse arquivo.  Levanto algumas quest√µes adicionais: ,Conceitos T√©cnicos e Fundamentos de IA,
"Boa tarde, @5521969191621 ! Realmente um bom texto para discuss√£o.",Conceitos T√©cnicos e Fundamentos de IA,
Tenho alguns exemplos relativos a direitos autorais,"Quest√µes √âticas, Regulat√≥rias e Sociais","Regula√ß√£o, Direito e Governan√ßa da IA"
‚ÄéLuiz Peixoto.vcf (arquivo anexado),"Quest√µes √âticas, Regulat√≥rias e Sociais",
Acabo de receber um convite. ,"Quest√µes √âticas, Regulat√≥rias e Sociais",
‚ÄéIMG-20241214-WA0005.jpg (arquivo anexado),"Quest√µes √âticas, Regulat√≥rias e Sociais",
https://www.youtube.com/live/TRl5ulEsEdY?si=HdgvzJ7qTCCe4Rgz,"Quest√µes √âticas, Regulat√≥rias e Sociais",
https://youtu.be/AFurCSh1APU?si=yFb2aG91jhjPx5CC,"Quest√µes √âticas, Regulat√≥rias e Sociais",
Obrigado por avisar,"Quest√µes √âticas, Regulat√≥rias e Sociais",
N√£o sei como foi ativado,"Quest√µes √âticas, Regulat√≥rias e Sociais",
Vou verificar a api,Ferramentas e Plataformas,C√≥digo e Bibliotecas
Essa atualiza√ß√£o do chrome est√° muito estranha,Ferramentas e Plataformas,
Sim,Ferramentas e Plataformas,
https://www.youtube.com/live/np89NA3bWIA?si=bw74G6OZ-ZL-9d_2,Conceitos T√©cnicos e Fundamentos de IA,Fundamentos de IA e LLMs
Mais varas de pescar.,Conceitos T√©cnicos e Fundamentos de IA,
"Parece que David Ondrej conseguiu automatizar a tradu√ß√£o de seus v√≠deos. Existem tamb√©m os v√≠deos em sua vers√£o original, que, pessoalmente, prefiro. No entanto, assistir a esse, mesmo com sua tradu√ß√£o mec√¢nica e acelerada, pode oferecer uma ideia do processo. √â melhor assistir a algo que n√£o entendemos do que buscar refer√™ncias sobre algo que nunca ouvimos falar. <Mensagem editada>",Ferramentas e Plataformas,Zotero
‚ÄéIMG-20241217-WA0007.jpg (arquivo anexado),Ferramentas e Plataformas,
Fiz um teste com um novo modelo da Google que assiste filmes e gera anota√ß√µes super detalhadas. T√¥ usando o Obsidian pra organizar tudo isso,Ferramentas e Plataformas,Obsidian
"Maria, IA do STF",Aplica√ß√µes Jur√≠dicas Pr√°ticas,Pesquisa Jur√≠dica e Jurisprudencial
‚ÄéVID-20241217-WA0013.mp4 (arquivo anexado),Aplica√ß√µes Jur√≠dicas Pr√°ticas,
Vamos fazer a nosso que rode localmente?,Conceitos T√©cnicos e Fundamentos de IA,Hardware e Infraestrutura
Muito legal,Conceitos T√©cnicos e Fundamentos de IA,
"J√° tenho os primos que fazem a mesma ementa, que fazem a classifica√ß√£o decimal do direito e que analisam as pesquisas prontas. Falta o fining tunning e hospedar em um hardware de baixo custo com llm opensource para dar acesso a todos os advogados. Tudo open source com manuais para todos montarem com baixo custo",Ferramentas e Plataformas,LLMs e Modelos
Precisamos marcar uma reuni√£o para dividirmos as tarefas e come√ßar pelo simples,Ferramentas e Plataformas,
Vamos acompanhando as not√≠cias e vou buscar mais apoio. Me parece que a solu√ß√£o que apresentam segue o mesmo escopo. ,Conceitos T√©cnicos e Fundamentos de IA,Fundamentos de IA e LLMs
Muito grato pela not√≠cia @5511960285788,Conceitos T√©cnicos e Fundamentos de IA,Fundamentos de IA e LLMs
"Pe√ßo a todos que n√£o se apressem. Devagar, vamos mais r√°pido",Conceitos T√©cnicos e Fundamentos de IA,
https://youtu.be/Y2ldwg8xsgE?si=p1rwctO5IJexF9Iv,Conceitos T√©cnicos e Fundamentos de IA,
"Rag, offering, ooensource",Conceitos T√©cnicos e Fundamentos de IA,
"Barato e sem me validade. F√°cil de configurar e distribuir amplamente para advogados, mesmo nas menores bancas, mesmo quem atua s√≥. Port√°til",C√≥digo Aberto e Custo,Custo e Viabilidade Econ√¥mica
* Sem mensalidade,C√≥digo Aberto e Custo,Custo e Viabilidade Econ√¥mica
‚ÄéIMG-20241217-WA0016.jpg (arquivo anexado),C√≥digo Aberto e Custo,
Olha como o marketing apresenta uma proposta,C√≥digo Aberto e Custo,
‚ÄéIMG-20241217-WA0017.jpg (arquivo anexado),C√≥digo Aberto e Custo,
üëèüëèat√© para RJ esta LLM estaria apta,Ferramentas e Plataformas,LLMs e Modelos
Viu que d√° pra rodar tudo com 80 d√≥lares?,C√≥digo Aberto e Custo,Custo e Viabilidade Econ√¥mica
T√° em um dos v√≠deos,C√≥digo Aberto e Custo,
Ainda n√£o. vou tentar maratonar no recesso,C√≥digo Aberto e Custo,
O raspberry equivale ao orange pi?,Conceitos T√©cnicos e Fundamentos de IA,Hardware e Infraestrutura
Pode se dizer que sim. Eu n√£o tenho muito conhecimento dessa placa. Porque a que se popularizou foi a do raspberry. Foi curada para ensinar rob√≥tica e programa√ß√£o para crian√ßas. Continua um grande sucesso e tem uma mir√≠ade de processos.,Aplica√ß√µes Jur√≠dicas Pr√°ticas,Processos e Fluxos de Trabalho Jur√≠dicos
"Se faltar luz, houver uma cat√°strofe, inc√™ndio ou algo parecido, ter um desses com uma llm, poderia significar a continuidade das opera√ß√µes. Ou ainda, ter algo simples pra treinar e depois ir escalando, de maneira que mesmo que voc√™ n√£o fosse usar, saberia como contratar um servi√ßo corporativo ou se posicionar sobre o equil√≠brio econ√¥mico financeiro de um contrato entre uma grande corpora√ß√£o e o TJ de seu estado para oferecer os servi√ßos",Ferramentas e Plataformas,LLMs e Modelos
"Muitas vezes, menos √© mais.",Ferramentas e Plataformas,
Tente copiar essa conversa e colar l√° no www.perplexy.ai e pe√ßa para ampliar o contexto citando casos de aplica√ß√£o ou bibliografia. Pe√ßa por tutorial passo a passo para entender o tema tratado no contexto citado.,Ferramentas e Plataformas,Zotero
‚ÄéPlano de Estudos para Administra√ß√£o de Recupera√ß√£o Judicial no Brasil.pdf (arquivo anexado),Conceitos T√©cnicos e Fundamentos de IA,Fundamentos de IA e LLMs
‚ÄéIMG-20241218-WA0012.jpg (arquivo anexado),Conceitos T√©cnicos e Fundamentos de IA,
Dei uma pesquisada r√°pida e encontrei algumas informa√ß√µes.  https://youtu.be/1zw4-j_KSYI?si=Pfi3w3_4easdmk1W Esse est√° em portugu√™s.,Conceitos T√©cnicos e Fundamentos de IA,
‚ÄéIMG-20241218-WA0013.jpg (arquivo anexado),Conceitos T√©cnicos e Fundamentos de IA,
muito al√©m daquels 80 U$ = da placa nua do Raspberry pi 5,Conceitos T√©cnicos e Fundamentos de IA,Hardware e Infraestrutura
‚ÄéIMG-20241218-WA0014.jpg (arquivo anexado),Conceitos T√©cnicos e Fundamentos de IA,
O assunto eu gostei!,Conceitos T√©cnicos e Fundamentos de IA,
"@558182243530 Temos uma achado aqui.  Parece que orange pi j√° vem com  NPU (Neural Processing Unit) al√©m de ter uma mem√≥ria consider√°vel e 8 n√∫cleos de CPU.  Em outras palavras.  Parece que nossos amigos chineses est√£o mesmo na frente.  Essa SBC ""computador de placa √∫nica"" √© barata e pode ajudar nos prot√≥tipos.  Estou buscando mais algumas avalia√ß√µes e j√° te envio os resultados, vou te mandar em nota compartilhada no privado para n√£o poluir aqui a linha de conversa.",Conceitos T√©cnicos e Fundamentos de IA,Fundamentos de IA e LLMs
‚ÄéComparativo entre Orange Pi 5 e Raspberry Pi 5 Desempenho de Modelos de Linguagem Grande e Unidades de Processamento Neural.pdf (arquivo anexado),Ferramentas e Plataformas,LLMs e Modelos
‚ÄéIMG-20241218-WA0015.jpg (arquivo anexado),Ferramentas e Plataformas,
"Sei que o tema √© denso, assim preparei uma Resumo para descomplicar um pouco, definindo os termos chave para n√£o deixar ningu√©m de fora da discuss√£o  ",Ferramentas e Plataformas,
‚ÄéPTT-20241218-WA0018.opus (arquivo anexado),Ferramentas e Plataformas,
J√° recebi um convite,Ferramentas e Plataformas,
Eu vou aprendendo e trago as informa√ß√µes. Quem quiser me chama no privado e passo o contato,C√≥digo Aberto e Custo,Custo e Viabilidade Econ√¥mica
"Achei uma solu√ß√£o mais barata e simples.  Comprar mais mem√≥ria RAM √© f√°cil de instalar e o custo para minhas duas m√°quinas principais √© de 300 para uma e 250 para a outra.  Assim j√° fico com mem√≥ria para rodar um modelo de 70B como o LLma3 que supera os outros modelos. Assim vai rodar tudo localmente com privacidade e n√£o preciso pagar mensalidade do GPT.  Economia de R$18.094,13 por ano de opera√ß√£o na conta√ß√£o do Dolar de hoje.",Ferramentas e Plataformas,LLMs e Modelos
"@558788083798 s√≥ para confirmar, est√° rodando alguma api do whatsapp aqui no grupo?",Ferramentas e Plataformas,C√≥digo e Bibliotecas
"estava testando no meu WhatsApp e acabou enviando aqui no grupo, pe√ßo perd√£o por isso",Conceitos T√©cnicos e Fundamentos de IA,Fundamentos de IA e LLMs
"sem problema.  Vamos aproveitar isso. Parab√©ns, sua api est√° funcionando!  Show de bola!",Ferramentas e Plataformas,C√≥digo e Bibliotecas
obrigado dr. üôèüôè,Ferramentas e Plataformas,
Evoluiu r√°pido.  J√° est√° usando o python.  Recorde de aprendizado.,Ferramentas e Plataformas,C√≥digo e Bibliotecas
"ja usava um pouco, agora estou me aventurando um pouco nas apis de WhatsApp <Mensagem editada>",Ferramentas e Plataformas,C√≥digo e Bibliotecas
Depois vamos trocar uma ideia que achei uma bibliotaca muito legal que ajuda. Qual est√° usando?,Conceitos T√©cnicos e Fundamentos de IA,Fundamentos de IA e LLMs
vamos passar para o privado para n√£o encher a linha de mensagens.,Conceitos T√©cnicos e Fundamentos de IA,
certo,Conceitos T√©cnicos e Fundamentos de IA,
https://youtu.be/wjZofJX0v4M?si=AZ5PTtR_xx4hV7SL,Conceitos T√©cnicos e Fundamentos de IA,
‚ÄéIMG-20241219-WA0013.jpg (arquivo anexado),Conceitos T√©cnicos e Fundamentos de IA,
‚ÄéIMG-20241219-WA0015.jpg (arquivo anexado),Conceitos T√©cnicos e Fundamentos de IA,
"H√° um erro conceitual no primerio podcast. Softmax n√£o √© uma ferramenta ou algo separado do aprendizado de m√°quina. Ele j√° existe em uma camada intermedi√°ria da gera√ß√£o de textos.  A quest√£o √©, como o direito √© tamb√©m uma meta linguagem, seria necess√°rio adicionar mais uma camada de pondera√ß√£o de valores e pesos na aplica√ß√£o.  Por isso, a utiliza√ß√£o de ferramentas brutas n√£o funciona.  ",Ferramentas e Plataformas,Geral
Parece que nosso paltite estava certo. Lembram que comentamos sobre um computador que fosse barato pequeno e pudesse ser usado com ai?,C√≥digo Aberto e Custo,Custo e Viabilidade Econ√¥mica
"R$1.539,6909 quero ver o pre√ßo que chega aqui no Brasil",C√≥digo Aberto e Custo,Custo e Viabilidade Econ√¥mica
‚ÄéIMG-20241220-WA0003.jpg (arquivo anexado),C√≥digo Aberto e Custo,
‚ÄéIMG-20241220-WA0004.jpg (arquivo anexado),C√≥digo Aberto e Custo,
‚ÄéIMG-20241220-WA0005.jpg (arquivo anexado),C√≥digo Aberto e Custo,
‚ÄéIMG-20241220-WA0006.jpg (arquivo anexado),C√≥digo Aberto e Custo,
‚ÄéIMG-20241220-WA0007.jpg (arquivo anexado),C√≥digo Aberto e Custo,
"Se precisar a gente revisa o c√≥digo junto e faz as adapta√ß√µes para o atendimento para qualquer situa√ß√£o: escrit√≥rio, c√¢mara de concilia√ß√£o, envio de senten√ßas, fluxo de trabalho de acessores de magistrados, etc.. Ai vai de sua imagina√ß√£o e necessidade.",Ferramentas e Plataformas,C√≥digo e Bibliotecas
Um exemplo de relat√≥rio de uma aplica√ß√£o:,Ferramentas e Plataformas,
‚ÄéIMG-20241220-WA0008.jpg (arquivo anexado),Ferramentas e Plataformas,
‚ÄéIMG-20241220-WA0009.jpg (arquivo anexado),Ferramentas e Plataformas,
‚ÄéIMG-20241220-WA0010.jpg (arquivo anexado),Ferramentas e Plataformas,
‚ÄéIMG-20241220-WA0011.jpg (arquivo anexado),Ferramentas e Plataformas,
‚ÄéIMG-20241220-WA0012.jpg (arquivo anexado),Ferramentas e Plataformas,
"Alguns grupos em que estou inseridos, deixa o grupo fechado, somente para administradores comentar algo ou compartilhar alguma coisa.  Dif√≠cil come√ßar um di√°logo.",Interdisciplinaridade e Fundamentos Te√≥ricos,Interdisciplinaridade
Aqui √© aberto,C√≥digo Aberto e Custo,Open Source e Transpar√™ncia
"Bom dia, colegas.",Conceitos T√©cnicos e Fundamentos de IA,Fundamentos de IA e LLMs
"Ol√° colegas! Sou Roseana Vilarim, advogada em Bras√≠lia na √°rea empresarial e tribut√°ria e sou administradora judicial. ",Conceitos T√©cnicos e Fundamentos de IA,Fundamentos de IA e LLMs
"Sejam todos bem vindos, a um grupo de discuss√µes!",Conceitos T√©cnicos e Fundamentos de IA,
"Tive que sair do outro grupo, em raz√£o de cerceamento de compartilhamento de novos grupos para discuss√µes de intelig√™ncia Artificial, sintam-se acolhidos nesse espa√ßo! Tenham um √≥timo s√°bado!",Conceitos T√©cnicos e Fundamentos de IA,Fundamentos de IA e LLMs
"Salve pessoal,",Conceitos T√©cnicos e Fundamentos de IA,
maravilha!!!,Conceitos T√©cnicos e Fundamentos de IA,
Envio o link de uma consulta que acabei de receber.  Utilizei para respond√™-la algumas ferramentas que criei aqui.,Ferramentas e Plataformas,Geral
Salve!,Ferramentas e Plataformas,
"Achei relevante compartilhar j√° que as pr√°ticas relatadas s√£o reiteradas, constituem fato grav√≠ssimo.  As ferramentas que desenvolvi buscam instrumentalizar nossa pr√°tica na defesa dos interesses das partes lesadas.",Ferramentas e Plataformas,Geral
vou enviar um pdf tamb√©m.  O trabalho ficou pronto antes da conversa ser conclu√≠da com o cliente.  Ele deve estar lendo agora.,Conceitos T√©cnicos e Fundamentos de IA,Fundamentos de IA e LLMs
"Acertou em cheio hein, Luiz",Conceitos T√©cnicos e Fundamentos de IA,
‚ÄéAn√°lise de Transfer√™ncia Indevida e Seus Impactos no Direito Banc√°rio e do Consumidor.pdf (arquivo anexado),Aplica√ß√µes Jur√≠dicas Pr√°ticas,√Åreas do Direito
√â conte√∫do de banc√°rio que eu quero mesmo do tema,Aplica√ß√µes Jur√≠dicas Pr√°ticas,
https://juridicoagil.com/gpts-assistentes-juridicosAgradecemos por utilizar nossos servi√ßos! Esperamos trabalhar com voc√™ novamente em breve.,Aplica√ß√µes Jur√≠dicas Pr√°ticas,Processos e Fluxos de Trabalho Jur√≠dicos
Em breve vou organizar uma ferramenta que fa√ßa a busca dos precedentes no STJ e STF comparando os paradigmas para todos os quase 2000 precedentes que tenho aqui.,Ferramentas e Plataformas,Geral
Eita,Ferramentas e Plataformas,
"Caramba, gostei!",Ferramentas e Plataformas,
Fez um assistente jur√≠dico?,Ferramentas e Plataformas,
Pode considerar que sim,Ferramentas e Plataformas,
agora vou transformar em agentes,Conceitos T√©cnicos e Fundamentos de IA,Fundamentos de IA e LLMs
"Utilizei o Gemini Flash 2.0, GPT o3, DeepSeek V.3 e Perplexity para a checagem de fatos.",Ferramentas e Plataformas,LLMs e Modelos
Ficou fant√°stico.,Ferramentas e Plataformas,
Eles trouxeram com prompts e ap√≥s checagem chegou nessa conclus√£o apresentada? N√£o deu erro nas jurisprud√™ncias?,Aplica√ß√µes Jur√≠dicas Pr√°ticas,Pesquisa Jur√≠dica e Jurisprudencial
Se juntar o perplexity e o gemini deve ficar interessante a busca,Ferramentas e Plataformas,LLMs e Modelos
"Uso o peplexity mas o Gimini nunca usei, tenho ele mas n√£o uso. Uso ChatGPT plus.",Ferramentas e Plataformas,LLMs e Modelos
Perplexity*,Ferramentas e Plataformas,LLMs e Modelos
"O gemini j√° faz busca tamb√©m.  Assim como o GPT, DeepSeek tamb√©m fazem.  Mas as llms ainda tem limita√ß√µes com n√∫meros.  Elas leem os n√∫meros dos processos mas na hora de transcrever d√° problema.  Por exemplo",Ferramentas e Plataformas,LLMs e Modelos
Esta √© uma busca para o seguinte prompt:,Ferramentas e Plataformas,
"O que achou do deepseek v3, Luiz?",Ferramentas e Plataformas,LLMs e Modelos
Aqui foi no perplexity,Ferramentas e Plataformas,LLMs e Modelos
"Na hora de compilar tudo, quando os dados n√£o est√£o estruturados, o n√∫mero dos processos se perde.  Por isso estou trabalhando para contornar esse problema fazendo a extra√ß√£o para um objeto json",Ferramentas e Plataformas,C√≥digo e Bibliotecas
Feliz Ano Novo!!!!!,Ferramentas e Plataformas,
As minhas primeiras impress√µes est√£o sendo confirmardas.  Eu havia conversado com um pessoal sobre a limita√ß√£o de hardware que temos no Brasil e que isso nos impunha um atraso significativo.  Por incr√≠vel que pare√ßa √© a mesma situa√ß√£o da China. A NVidia e o Google tem o monop√≥lio da produ√ß√£o de chips GPU e quanticos.  N√≥s nem de perto chegamos a isso.  ,Aplica√ß√µes Jur√≠dicas Pr√°ticas,Processos e Fluxos de Trabalho Jur√≠dicos
"Haja vista o m√©todo de trabalho dos dados, busca acessar √°reas especificas do c√©rebro no comando, reduzindo drasticamente a quantidade de tokens utilizados e redu√ß√£o de custo operacional",C√≥digo Aberto e Custo,Custo e Viabilidade Econ√¥mica
‚ÄéIMG-20250102-WA0108.jpg (arquivo anexado),C√≥digo Aberto e Custo,
"Al√©m disso esse modelo √© um MoE.  Mix of Agents, ou seja, ele tem tudo que precisa para resolver problemas altamente complexos n√≠vel PHD e tamb√©m as coisas mais simples.  S√≥ ativa aquilo que √© necess√°rio para a tarefa dada, o que diminui o tempo de resposta.",C√≥digo Aberto e Custo,
‚ÄéIMG-20250102-WA0109.jpg (arquivo anexado),C√≥digo Aberto e Custo,
16 segundos,C√≥digo Aberto e Custo,
o investimento √© de 5 milh√µes apenas n√©?,C√≥digo Aberto e Custo,Custo e Viabilidade Econ√¥mica
"Luiz, qual llm boa pra ler imagens, tipo uma planilha de Excel para replicar a f√≥rmula usada",Ferramentas e Plataformas,LLMs e Modelos
Se √© que d√° pra fazer isso,Ferramentas e Plataformas,
pode fazer com qualquer um desses que falei,"Quest√µes √âticas, Regulat√≥rias e Sociais","Regula√ß√£o, Direito e Governan√ßa da IA"
Deepseek √© multimodal?,Ferramentas e Plataformas,LLMs e Modelos
sim,Ferramentas e Plataformas,
"Aqui est√° um comparativo detalhado dos investimentos necess√°rios para o treinamento das LLMs GPT-4o e DeepSeek-V3, com base nas informa√ß√µes dispon√≠veis:",Ferramentas e Plataformas,LLMs e Modelos
‚ÄéIMG-20250102-WA0112.jpg (arquivo anexado),Ferramentas e Plataformas,
‚ÄéIMG-20250102-WA0113.jpg (arquivo anexado),Ferramentas e Plataformas,
"Ok, interessante",Ferramentas e Plataformas,
"Funcional, funciona para an√°lise de formulas e planilhas em imagem? Queria ver em a√ß√£o, vou testar quando chegar no escrit√≥rio",Conceitos T√©cnicos e Fundamentos de IA,Fundamentos de IA e LLMs
"como estava lendo a imagem n√£o fez busca na internet, ent√£o pedi o seguinte:",Conceitos T√©cnicos e Fundamentos de IA,
‚ÄéIMG-20250102-WA0114.jpg (arquivo anexado),Conceitos T√©cnicos e Fundamentos de IA,
Top,Conceitos T√©cnicos e Fundamentos de IA,
e o relat√≥rio,Conceitos T√©cnicos e Fundamentos de IA,
vou ser mais espec√≠fico e buscar casos paradigm√°ticos relacionados ao que estou estudando,Aplica√ß√µes Jur√≠dicas Pr√°ticas,Pesquisa Jur√≠dica e Jurisprudencial
busco por jurisprud√™ncia em que um ou ambas institui√ß√µes financeiras foram condenadas em raz√£o de Transfer√™ncia Indevida e Seus Impactos no Direito Banc√°rio e do Consumidor,Aplica√ß√µes Jur√≠dicas Pr√°ticas,Pesquisa Jur√≠dica e Jurisprudencial
E o resultado:,Aplica√ß√µes Jur√≠dicas Pr√°ticas,
um exemplo de documento pesquisado para redigir o relat√≥rio https://www.tjpb.jus.br/sites/default/files/anexos/2020/11/indenizacao_banco.pdf,Aplica√ß√µes Jur√≠dicas Pr√°ticas,
"acessa diretamente a jurisprud√™ncia do STJ, o que o GPT n√£o faz",Aplica√ß√µes Jur√≠dicas Pr√°ticas,Pesquisa Jur√≠dica e Jurisprudencial
"Acessa e faz a minera√ßao de dados diretamente no jusbrasil, ultrapassando as barreiras impostas a n√≥s mortais",Aplica√ß√µes Jur√≠dicas Pr√°ticas,Pesquisa Jur√≠dica e Jurisprudencial
e muitos outros sites,Aplica√ß√µes Jur√≠dicas Pr√°ticas,
‚ÄéIMG-20250102-WA0116.jpg (arquivo anexado),Aplica√ß√µes Jur√≠dicas Pr√°ticas,
Qual vers√£o do deepseek voc√™ t√° usando?,Ferramentas e Plataformas,LLMs e Modelos
A v3?,Ferramentas e Plataformas,
"Com 1 milh√£o de tokens, voc√™ pode preencher cerca de 950 p√°ginas A4, considerando as configura√ß√µes especificadas.",Conceitos T√©cnicos e Fundamentos de IA,Fundamentos de IA e LLMs
isso significa que se analiso um processo com 900 laudas de folhas totalmente preenchidas gasto,Aplica√ß√µes Jur√≠dicas Pr√°ticas,Processos e Fluxos de Trabalho Jur√≠dicos
Brutal,Aplica√ß√µes Jur√≠dicas Pr√°ticas,
"E @556599399333 esse caso ai que fiz a consulta para o meu cliente j√° tem as notifica√ß√µes dos bancos, do procon e do Banco Central prontas. J√° enviei para o cliente e amanh√£ vou enviar a rela√ß√£o de documentos para coleta dos dados do whatsapp e outros documentos.",Aplica√ß√µes Jur√≠dicas Pr√°ticas,Documentos Jur√≠dicos e Pe√ßas Processuais
"Da mesma forma, h√° muitas causas que podem derivar dos precedentes, o que facilitaria uma c√¢mara de composi√ß√£o, negocia√ß√µes e acordos extrajudiciais, aumentando tamb√©m a rentabilidade caso exista uma estrat√©gia bem organizada para difus√£o dessas informa√ß√µes.",Aplica√ß√µes Jur√≠dicas Pr√°ticas,Pesquisa Jur√≠dica e Jurisprudencial
Imagina pensar nas causas repetitivas que j√° tem precedente e modelar a rotina do escrit√≥rio para atender esses casos?,Aplica√ß√µes Jur√≠dicas Pr√°ticas,Processos e Fluxos de Trabalho Jur√≠dicos
tenta enviar a planilha l√° no deepseek direto e pedir que fa√ßa uma an√°lise.  Ative o deekthinking para isso. Pe√ßa insights e que tente descobrir as formulas entre as c√©lulas,Ferramentas e Plataformas,LLMs e Modelos
Farei isso,Ferramentas e Plataformas,
"Nos casos de atualiza√ß√£o monet√°ria e juros, por exemplo, eu poderia usar o gemini flash 2.0.  Envio todas as tabelas de atualiza√ß√£o e as regras de aplica√ß√£o de juros conforme o dispositivo da senten√ßa de liquida√ß√£o, depois os valores, data de in√≠cio e de final do calculo e pediria que justificasse emitindo um parecer com tabelas demonstrativas.  Poderia tamb√©m pedir que me informasse as f√≥rmulas aplicadas e uma explica√ß√£o dos c√°lculos.",Ferramentas e Plataformas,LLMs e Modelos
to querendo coisas assim do banc√°rio,Ferramentas e Plataformas,
"para fazer isso, utilize o https://aistudio.google.com",Ferramentas e Plataformas,
nesse ponto do contexto o Google √© imbat√≠vel.  Cada um tem seus pontos fortes e fracos. Combine e vai ter os melhores resultados.,Ferramentas e Plataformas,
"Isso seria excelente, contactar o adv em ultimo caso, fazendo analises pr√≥prias de demandas repetitivas",C√≥digo Aberto e Custo,Custo e Viabilidade Econ√¥mica
"Para fazer isso, O que estamos conversando, sobre o objeto?",C√≥digo Aberto e Custo,
"Ou, detectando que √© uma demanda repetitiva, conseguir atuar com pre√ßos de servi√ßo mais competitivos, baseado no tempo e possibilidade de √™xito.  Bastaria verificar as provas, se s√£o robustas.",C√≥digo Aberto e Custo,Custo e Viabilidade Econ√¥mica
"sobre as planilhas de dados hist√≥ricos, sobre grande volume de precedentes, processos volumosos etc...",Aplica√ß√µes Jur√≠dicas Pr√°ticas,Pesquisa Jur√≠dica e Jurisprudencial
"mas d√° para utilizar as outras llms tamb√©m, mas ai tem que lan√ßar de uns artif√≠cios mais sofisticados e precisa de c√≥digo python",Ferramentas e Plataformas,LLMs e Modelos
E isso da pra fazer ali?,Ferramentas e Plataformas,
No Ai studio,Ferramentas e Plataformas,
sim,Ferramentas e Plataformas,
hummmm,Ferramentas e Plataformas,
d√° para compartilhar sua tela e conversar com a AI enquanto faz o c√°lculo,Interdisciplinaridade e Fundamentos Te√≥ricos,Matem√°tica e Estat√≠stica
vou enviar um v√≠deo,Conceitos T√©cnicos e Fundamentos de IA,Fundamentos de IA e LLMs
https://youtu.be/a9w0HfkBMfk?si=uud-2-orJPQXXASZ,Conceitos T√©cnicos e Fundamentos de IA,
Um mundo bem vasto de op√ß√µes,Conceitos T√©cnicos e Fundamentos de IA,
"O imporantante √© come√ßar pelo simples, com aquilo que mais te beneficiaria hoje e possa ser realizado hoje.",Conceitos T√©cnicos e Fundamentos de IA,Fundamentos de IA e LLMs
https://youtu.be/RvGmmjO3Tdg?si=Ol5VRthHjH4I86x3,Conceitos T√©cnicos e Fundamentos de IA,
Mesclar as ferramentas dispon√≠veis √© o que faz a magia acontecer,Ferramentas e Plataformas,Geral
conhecer a ferramenta e expandir as intera√ß√µes,Ferramentas e Plataformas,Geral
muito bom,Ferramentas e Plataformas,
vamos marcar uma conversa qualquer dia desses. Assim podemos desenvolver algo juntos que possa ser usado em um caso concreto.,Conceitos T√©cnicos e Fundamentos de IA,Fundamentos de IA e LLMs
Deepseek provando que √© poss√≠vel fazer mais com menos,Ferramentas e Plataformas,LLMs e Modelos
Vamos fazer sim,Ferramentas e Plataformas,
edgecomputing.  At√© a NVidia lan√ßou um computador barato para rodar llms localmente.,Ferramentas e Plataformas,LLMs e Modelos
‚ÄéIMG-20250102-WA0117.jpg (arquivo anexado),Ferramentas e Plataformas,
Isso significa que pode ficar ainda mais barato. Em outras palavras: estamos pagando muito caro pela propaganda.  Veja os modelos opensorce gratuitos e os tutoriais >>>  https://www.jetson-ai-lab.com/tutorial-intro.html,C√≥digo Aberto e Custo,Open Source e Transpar√™ncia
https://youtu.be/Nh8t9nK0AwY?si=M-eN0j1lM7a4NEWt,C√≥digo Aberto e Custo,
‚ÄéSTK-20250107-WA0024.webp (arquivo anexado),C√≥digo Aberto e Custo,
https://youtu.be/N6xDzN71BYo?si=X9HHJDPNEnNmW1m4,C√≥digo Aberto e Custo,
"Pessoal, ",C√≥digo Aberto e Custo,
"O or√ßamento para ter uma AI como o modelo mais poderoso existente rodando localmente baixou para US$ 2000,00 ou R$ 12.000,00",C√≥digo Aberto e Custo,Custo e Viabilidade Econ√¥mica
Tudo opensource,C√≥digo Aberto e Custo,Open Source e Transpar√™ncia
‚ÄéImpacto do Capital na Era da IGA Uma An√°lise Cr√≠tica.pdf (arquivo anexado),Ferramentas e Plataformas,C√≥digo e Bibliotecas
https://youtu.be/3JxUkIx7A-o?si=6DiLDxlhGW3_P7Tr,Ferramentas e Plataformas,
Encontrei uma ferramenta para transcri√ß√£o de audi√™ncias,Ferramentas e Plataformas,Geral
‚ÄéIMG-20250109-WA0004.jpg (arquivo anexado),Ferramentas e Plataformas,
‚ÄéColabora√ß√£o e Contribui√ß√µes no Apollo Research Um Estudo em Equipe.pdf (arquivo anexado),Ferramentas e Plataformas,
"quem se interessar em ver como a resenha foi gerada, estou abrindo o acesso ao aistudio",Ferramentas e Plataformas,
Acessem o system instructions para ver as instru√ß√µes para configurar o agente,Ferramentas e Plataformas,
irei dar uma olhada e ler.,Ferramentas e Plataformas,
"Acabo de reconfigurar o perplexity e o deepseek para fornecer o mesmo tipo de resultados. O site do deepssek n√£o permite compartilhamento, mas o do perplexity permite, estou enviando uma c√≥pia.",Ferramentas e Plataformas,LLMs e Modelos
"bom dia colegas. gostaria de uma boa fonte para elaborar um conte√∫do introdut√≥rio e te√≥rico sobre intelig√™ncia artificial generativa. Algu√©m indica algum site, v√≠deo ou livro para este fim?",Conceitos T√©cnicos e Fundamentos de IA,Fundamentos de IA e LLMs
https://youtu.be/wjZofJX0v4M?si=z-zdQ8ozjyWz5IZX,Conceitos T√©cnicos e Fundamentos de IA,
Pessoal foi aqui que publicaram um texto da diferen√ßa do chatgbt e do perplexity? Algu√©m sabe?,Ferramentas e Plataformas,LLMs e Modelos
Acredito que a diferen√ßa n√£o mas ambos se complementam para verificar a veracidade quando ChatGPT entrega jurisprud√™ncia e algumas normas. Me parece que o Dr Luiz Peixoto entregou algo interessante sobre esse assunto em 10/01/25 <Mensagem editada>,Ferramentas e Plataformas,LLMs e Modelos
https://www.perplexity.ai/search/traga-informacoes-completas-so-bAf62fYoR3qdlnNfWGZLbg,Ferramentas e Plataformas,LLMs e Modelos
Caio acredito que seja isso que voc√™ procura,Ferramentas e Plataformas,
"Na verdade o perplexity na vers√£o free √© o GPT 3.5 como llm.  Mas porque o resutlado √© diferente? Por que √© um sistema de agentes.  Isso quer dizer que um agente faz a pesquisa, outro estrutura a resposta, e no final pode haver uma ou duas revis√µes at√© apresentar o resultado.",Ferramentas e Plataformas,LLMs e Modelos
https://youtu.be/ONKOXwucLvE?si=0BxMRmX_WW8nsyCI,Ferramentas e Plataformas,
https://youtu.be/Q0ncaAwnn-o?si=E7S1sNPERON3q8sy,Ferramentas e Plataformas,
# Perplexity: Uma An√°lise Detalhada de um Mecanismo de Resposta Baseado em IA  ,Ferramentas e Plataformas,LLMs e Modelos
https://www.estadao.com.br/link/empresas/trump-anunciara-investimento-inteligencia-artificial-com-openai-oracle-softbank/,C√≥digo Aberto e Custo,Custo e Viabilidade Econ√¥mica
E tamb√©m perdoou um dos hackers mais infames. O cara estava condenado a perp√©tua por ter criado um dos maiores sites de venda de drogas online e ser especialista em lavagem de dinheiro.,Conceitos T√©cnicos e Fundamentos de IA,Fundamentos de IA e LLMs
O que indica um recrutamento para as ag√™ncias de intelig√™ncia,Conceitos T√©cnicos e Fundamentos de IA,Fundamentos de IA e LLMs
Vamos viver de bolsa. Quase ningu√©m mais vai ter fun√ß√£o,Conceitos T√©cnicos e Fundamentos de IA,
"√â s√©rio? Informa√ß√£o fidedigna? N√£o desconfio do colega, mas em um mundo de ""p√≥s-verdade""...",Conceitos T√©cnicos e Fundamentos de IA,
√â vero,Conceitos T√©cnicos e Fundamentos de IA,
https://g1.globo.com/tecnologia/noticia/2025/01/21/trump-concede-perdao-presidencial-para-criador-de-site-de-venda-de-drogas.ghtml,Conceitos T√©cnicos e Fundamentos de IA,Fundamentos de IA e LLMs
"Meu Deus... E tem um monte de fan√°tico ""orando por ele"" porque seria o representante de Deus nos EUA...",Conceitos T√©cnicos e Fundamentos de IA,Fundamentos de IA e LLMs
Representante dos bilion√°rios e agora a moda √© ser trilionario,Conceitos T√©cnicos e Fundamentos de IA,
"Ele √© um homem de neg√≥cios. Os bilion√°rios se tornar√£o trilion√°rios... N√£o √© a toa que a galera da tecnologia abandonou as suas ""convic√ß√µes"", deixaram os democratas e se ""tornaram"" republicanos...",Conceitos T√©cnicos e Fundamentos de IA,Fundamentos de IA e LLMs
‚ÄéIMG-20250122-WA0030.jpg (arquivo anexado),Conceitos T√©cnicos e Fundamentos de IA,
"A quest√£o toda, acredito est√° alinhada com toda a discuss√£o da AGI que j√° est√° em evid√™ncia e a concorr√™ncia com a China, automa√ß√£o do trabalho e tudo mais.",Aplica√ß√µes Jur√≠dicas Pr√°ticas,Processos e Fluxos de Trabalho Jur√≠dicos
Boa tarde prezados (as),Aplica√ß√µes Jur√≠dicas Pr√°ticas,
https://nudep.my.canva.site/ric24,Aplica√ß√µes Jur√≠dicas Pr√°ticas,
vejam esse v√≠deo sobre o novo modelo R1 da deepseek e como tem causado alvoro√ßo na ind√∫stria.,Ferramentas e Plataformas,LLMs e Modelos
Ja testei uma fun√ß√£o relacionada a esse modelo. Compreens√£o de conceitos.  E passou muito bem.,Interdisciplinaridade e Fundamentos Te√≥ricos,Fundamentos Te√≥ricos
"A distin√ß√£o entre **pretens√£o**, **faculdade** e **poder** √© essencial para compreender a estrutura dos direitos subjetivos e suas nuances no Direito Civil. Esses conceitos, embora interligados, possuem naturezas e efeitos jur√≠dicos distintos. Abaixo, explico cada um deles e os relaciono aos institutos conexos, como **direito subjetivo**, **direito potestativo**, **obriga√ß√£o** e **prescri√ß√£o/decad√™ncia**, com base na doutrina de Frederico Marques e no sistema jur√≠dico brasileiro.",Aplica√ß√µes Jur√≠dicas Pr√°ticas,√Åreas do Direito
Este √© um exemplo de como as llms evolu√≠ram para compreens√£o de conceitos.,Ferramentas e Plataformas,LLMs e Modelos
‚ÄéPTT-20250122-WA0033.opus (arquivo anexado),Ferramentas e Plataformas,
"Para aprofundar a pesquisa bibliogr√°fica e iniciar a disserta√ß√£o sobre a **Teoria do Fato Jur√≠dico de Pontes de Miranda**, √© essencial estruturar a busca em torno de tr√™s eixos principais: **1) Obras fundamentais de Pontes de Miranda**, **2) Cr√≠ticas e revis√µes contempor√¢neas da teoria**, e **3) Di√°logos interdisciplinares com hermen√™utica, filosofia e sociologia do direito**. Abaixo, apresento uma sele√ß√£o de refer√™ncias e sugest√µes de abordagem, com base nos resultados da pesquisa e em obras cl√°ssicas relacionadas.",Ferramentas e Plataformas,Zotero
as fontes tamb√©m foram citadas e j√° inclu√≠ aqui no meu cat√°logo. J√° estou com tudo registrado no Zotero,Ferramentas e Plataformas,Zotero
‚ÄéIMG-20250122-WA0034.jpg (arquivo anexado),Ferramentas e Plataformas,
https://drive.google.com/file/d/1Adzxcst2edLVlolbfIUoq0zRUUFwR_YC/view?usp=drive_link,Ferramentas e Plataformas,
O primeiro v√≠deo que enviei roda o modelo em uma nuvem paga.  Agora vou enviar um que roda localmente como o NVidia NVIDIA Jetson Nano,C√≥digo Aberto e Custo,Custo e Viabilidade Econ√¥mica
Impress√µes sobre o √∫ltimo teste com o Jetson Nano,C√≥digo Aberto e Custo,
"Agora mais um teste de Kristian Fagerlie, um dos primeiros a criar um sistema de agentes.",Conceitos T√©cnicos e Fundamentos de IA,Fundamentos de IA e LLMs
‚ÄéAplica√ß√µes do Modelo DeepSeek-R1 na Reda√ß√£o de Contratos e Peti√ß√µes Legais.pdf (arquivo anexado),Ferramentas e Plataformas,LLMs e Modelos
@554499938668 ,Ferramentas e Plataformas,
‚ÄéIMG-20250123-WA0012.jpg (arquivo anexado),Ferramentas e Plataformas,
‚ÄéAn√°lise da Executive Order sobre IA e Seus Impactos Globais e Regionais.pdf (arquivo anexado),Conceitos T√©cnicos e Fundamentos de IA,Fundamentos de IA e LLMs
Texto muito bom! Apresenta do debate e os desafios que temos pela frente.,Conceitos T√©cnicos e Fundamentos de IA,
"Notou que a an√°lise de  todo conte√∫do, inclusive dos analistas internacionais estava pronta duas horas depois do ATO? Viu que h√° uma an√°lise de conceitos de direito internacional e cruzamento de informa√ß√µes com quest√µes relativas a a√ß√µes em tr√¢mite no STF?",Aplica√ß√µes Jur√≠dicas Pr√°ticas,Pesquisa Jur√≠dica e Jurisprudencial
https://youtu.be/5NgNicANyqM?si=dFzniD3Ue-Xj5K_5,Aplica√ß√µes Jur√≠dicas Pr√°ticas,
üì¢ Not√≠cia Importante: Tribunal regulamenta sess√µes virtuais!,Conceitos T√©cnicos e Fundamentos de IA,Fundamentos de IA e LLMs
ENQUETE:,Conceitos T√©cnicos e Fundamentos de IA,
https://youtu.be/WtULAcdI00A?si=-S1h9aaRRmC7gbSa,Conceitos T√©cnicos e Fundamentos de IA,
"- O acompanhamento do voto do relator, tal como ocorre nas sess√µes virtuais do STF.",Aplica√ß√µes Jur√≠dicas Pr√°ticas,Pesquisa Jur√≠dica e Jurisprudencial
Tem alguma sugest√£o de como podemos abordar essa quest√£o?,Aplica√ß√µes Jur√≠dicas Pr√°ticas,Processos e Fluxos de Trabalho Jur√≠dicos
Vou pensar em um tema e j√° postarei.,Aplica√ß√µes Jur√≠dicas Pr√°ticas,
- O acompanhamento dos votos nas sess√µes virtuais ass√≠ncronas;,Aplica√ß√µes Jur√≠dicas Pr√°ticas,
Vou anotar aqui.  Hoje a tr√°fego est√° muito congestionado e n√£o sei se conseguirei pesquisas t√£o √°geis como antes. Todos os desenvolvedores est√£o migrando do o1 para o deepseek e fazendo milhares de testes. E a coisa ficou meio complicada. Deve normaliar em uma ou duas semanas.,Ferramentas e Plataformas,LLMs e Modelos
- Sem pressa. Muito obrigado.,Ferramentas e Plataformas,
*Momento Sputnik: Nvidia perde o equivalente a sete Petrobras em valor na Bolsa com proeza da IA chinesa*,Conceitos T√©cnicos e Fundamentos de IA,Fundamentos de IA e LLMs
https://www.youtube.com/live/dcDOevd_JnE?si=2SXCZ6r63eCXjb5E,Conceitos T√©cnicos e Fundamentos de IA,
"E o modelo Janus-pro, o que esperar dele? Como uma tal nova abordagem, arquitetura regressiva",Conceitos T√©cnicos e Fundamentos de IA,
A rela√ß√£o disso aqui √© mais ligada ao fato do ataque em massa contra a deepseek,Ferramentas e Plataformas,LLMs e Modelos
Boa noite,Ferramentas e Plataformas,
https://pipelinevalor.globo.com/negocios/noticia/deepseek-a-baleia-chinesa-que-causou-um-tsunami-no-vale-do-silicio.ghtml?utm_source=Whatsapp&utm_medium=Social&utm_campaign=compartilhar,Ferramentas e Plataformas,LLMs e Modelos
J√° come√ßaram os ataques Dados para derrubar a plataforma,Ferramentas e Plataformas,Geral
‚ÄéPTT-20250128-WA0015.opus (arquivo anexado),Ferramentas e Plataformas,
‚ÄéPTT-20250128-WA0016.opus (arquivo anexado),Ferramentas e Plataformas,
A quest√£o definitivamente √© politica kkkkk mais de 1 trilh√£o em perca de valor de mercado somados,Ferramentas e Plataformas,
isso definitivamente furou a bolha,Ferramentas e Plataformas,
"Agora quem vai furar a bolha somos n√≥s. Te prepara que vamos montar os fluxos de trabalho e nos adaptar rapidamente ao processo.  Primeiro acredito que seja importante implementarmos ferramentas √∫teis para cada membro do grupo. Quando cada um estiver familiarizado e com suporte, poderemos ajudar mais colegas a se adaptarem aos novos tempos.",Ferramentas e Plataformas,Geral
https://g1.globo.com/economia/noticia/2025/01/27/empresas-de-tecnologia-perdem-us-1-trilhao-em-valor-de-mercado-com-ameaca-de-ia-chinesa.ghtml,C√≥digo Aberto e Custo,Custo e Viabilidade Econ√¥mica
"Aqui est√° um modelo estruturado para solicitar medicamento de alto custo no SUS, com base nos resultados fornecidos:",C√≥digo Aberto e Custo,Custo e Viabilidade Econ√¥mica
Deepseek,Ferramentas e Plataformas,LLMs e Modelos
"Boa tarde, Caio. Segue um modelo b√°sico de peti√ß√£o para solicitar medicamento de alto custo no SUS. Voc√™ pode adapt√°-lo ao caso espec√≠fico:",Aplica√ß√µes Jur√≠dicas Pr√°ticas,Documentos Jur√≠dicos e Pe√ßas Processuais
Chatgbt,Aplica√ß√µes Jur√≠dicas Pr√°ticas,
A diferen√ßa,Aplica√ß√µes Jur√≠dicas Pr√°ticas,
Os estagi√°rios est√£o perdidos!!!,Conceitos T√©cnicos e Fundamentos de IA,Fundamentos de IA e LLMs
E qual escolheu?,Conceitos T√©cnicos e Fundamentos de IA,
Bom dia. Lembro de luiz j√° ter cantado a bola do deepseek salvo engano desde novembro do ano passado que foi qdo o testei pela primeira vez,Ferramentas e Plataformas,LLMs e Modelos
"A prop√≥sito, a ideia que voc√™ deu de rodar a ai direto no obsidian j√° est√° operaciol.  terminei agora a pouco.  E j√° integrei o deepseek",Ferramentas e Plataformas,Obsidian
‚ÄéIntima√ß√£o Pessoal do Devedor em Obriga√ß√µes de Fazer ou N√£o Fazer.pdf (arquivo anexado),Ferramentas e Plataformas,
Minhas impress√µes pessoais sobre o resultado:,Ferramentas e Plataformas,
"Parab√©ns! Quem sabe, sabe üòâüëèüëèüëèüëè",Ferramentas e Plataformas,
"Estava lendo, e o resultado √© muito significativo!",Ferramentas e Plataformas,
Vejam a etapa intermedi√°ria que inseri para chegar nesse resultado:,Conceitos T√©cnicos e Fundamentos de IA,Fundamentos de IA e LLMs
Tudo isso s√£o os prompts que elaborou para chegar a um resultado?,Conceitos T√©cnicos e Fundamentos de IA,
‚ÄéPTT-20250130-WA0005.opus (arquivo anexado),Conceitos T√©cnicos e Fundamentos de IA,
Entendi!,Conceitos T√©cnicos e Fundamentos de IA,
‚ÄéPTT-20250130-WA0006.opus (arquivo anexado),Conceitos T√©cnicos e Fundamentos de IA,
‚ÄéPTT-20250130-WA0007.opus (arquivo anexado),Conceitos T√©cnicos e Fundamentos de IA,
https://www.perplexity.ai/search/como-essa-situacao-agesta-a-of-TXBfYeb0SdKx5120TuG2CQ#1,Ferramentas e Plataformas,LLMs e Modelos
"Pessoal Bom Dia, uma d√∫vida.",Conceitos T√©cnicos e Fundamentos de IA,Fundamentos de IA e LLMs
"Gostaria de saber ser√° que se eu subir os arquivos em PDF sobre direito imobili√°rio ele vai aprender, armazenar e quando eu precisar dar√° as respostas utilizando esses documentos tamb√©m ?",Aplica√ß√µes Jur√≠dicas Pr√°ticas,Documentos Jur√≠dicos e Pe√ßas Processuais
https://youtu.be/qAsGO5N7OCk?si=ZvPanr1Y1XB7b-NQ,Ferramentas e Plataformas,LLMs e Modelos
‚ÄéIMG-20250214-WA0008.jpg (arquivo anexado),Ferramentas e Plataformas,
Bom dia!,Conceitos T√©cnicos e Fundamentos de IA,Fundamentos de IA e LLMs
‚ÄéIMG-20250215-WA0002.jpg (arquivo anexado),Conceitos T√©cnicos e Fundamentos de IA,
‚ÄéPTT-20250215-WA0003.opus (arquivo anexado),Conceitos T√©cnicos e Fundamentos de IA,
https://share.note.sx/f5nlmzfh,Conceitos T√©cnicos e Fundamentos de IA,
quem topa fazer um teste de um prompt bem simples para busca de jurisprud√™ncia e postar aqui o resultado?,Aplica√ß√µes Jur√≠dicas Pr√°ticas,Pesquisa Jur√≠dica e Jurisprudencial
outro exemplo:,Aplica√ß√µes Jur√≠dicas Pr√°ticas,
os casos existem e a jurisprud√™ncia foi publicada. Agora vamos ver qual das llms consegue chegar a resposta correta.,Ferramentas e Plataformas,LLMs e Modelos
mais um exemplo:,Ferramentas e Plataformas,
temos uma resosta do o3 que foi satisfat√≥ria  https://chatgpt.com/share/67b1739a-7e34-8004-be5b-6867f2afaa03  ampiei a pesquisa para busca de mais 10 precedentes.,Ferramentas e Plataformas,LLMs e Modelos
‚ÄéIMG-20250216-WA0001.jpg (arquivo anexado),Ferramentas e Plataformas,
‚ÄéIMG-20250216-WA0000.jpg (arquivo anexado),Ferramentas e Plataformas,
"IMPORTANTE!!!  Se os resultados forem consistentes, j√° temos uma maneira de treinar um modelo pequeno em todos os precedentes do STJ e STF",Aplica√ß√µes Jur√≠dicas Pr√°ticas,Pesquisa Jur√≠dica e Jurisprudencial
perd√£o pelo erro de digita√ß√£o em ac√≥rd√£o ü§™,Aplica√ß√µes Jur√≠dicas Pr√°ticas,Pesquisa Jur√≠dica e Jurisprudencial
‚ÄéIMG-20250216-WA0002.jpg (arquivo anexado),Aplica√ß√µes Jur√≠dicas Pr√°ticas,
Usou at√© FIRAC,Aplica√ß√µes Jur√≠dicas Pr√°ticas,
Pessoal PODEM COMPARTILHAR AS NOTAS.  Agora j√° temos a identidade visual.,Ferramentas e Plataformas,Obsidian
A jurisprud√™ncia brasileira sobre a incid√™ncia do princ√≠pio da insignific√¢ncia aos crimes tribut√°rios federais e de descaminho √© um tema relevante e complexo.,Aplica√ß√µes Jur√≠dicas Pr√°ticas,Pesquisa Jur√≠dica e Jurisprudencial
Esse eu fiz a pesquisa pelo meta <Mensagem editada>,Aplica√ß√µes Jur√≠dicas Pr√°ticas,
‚ÄéPTT-20250216-WA0003.opus (arquivo anexado),Aplica√ß√µes Jur√≠dicas Pr√°ticas,
‚ÄéPTT-20250216-WA0004.opus (arquivo anexado),Aplica√ß√µes Jur√≠dicas Pr√°ticas,
‚ÄéIMG-20250216-WA0006.jpg (arquivo anexado),Aplica√ß√µes Jur√≠dicas Pr√°ticas,
‚ÄéPTT-20250216-WA0005.opus (arquivo anexado),Aplica√ß√µes Jur√≠dicas Pr√°ticas,
‚ÄéPTT-20250216-WA0007.opus (arquivo anexado),Aplica√ß√µes Jur√≠dicas Pr√°ticas,
‚ÄéPTT-20250216-WA0008.opus (arquivo anexado),Aplica√ß√µes Jur√≠dicas Pr√°ticas,
"Como hoje estou sem internet - üòï  Hell de Janeiro e roubo de cabos - decidi aproveitar para por a prova o que construimos at√© agora. Como tenho uma audi√™ncia amanh√£, tenho h√°bito de reler roteiros e estrat√©gias.  Porque n√£o testar uma novidades?",Conceitos T√©cnicos e Fundamentos de IA,Fundamentos de IA e LLMs
Ficou muito bom,Conceitos T√©cnicos e Fundamentos de IA,
vai melhorar,Conceitos T√©cnicos e Fundamentos de IA,
Ficou muito bom!,Conceitos T√©cnicos e Fundamentos de IA,
"Agora vou tentar criar uma rotina com agente para coleta de todos os precedentes relacinados ao tema e fazer uma an√°lise FIRAC, depois Classifica√ß√£o Decimal do Direito.  Ser√° que vai dar conta disso?",Aplica√ß√µes Jur√≠dicas Pr√°ticas,Pesquisa Jur√≠dica e Jurisprudencial
‚ÄéIMG-20250217-WA0001.jpg (arquivo anexado),Aplica√ß√µes Jur√≠dicas Pr√°ticas,
Funcionou?,Aplica√ß√µes Jur√≠dicas Pr√°ticas,
https://share.note.sx/ju2ouq5y,Aplica√ß√µes Jur√≠dicas Pr√°ticas,
Fiquei assustado com o resultado,Aplica√ß√µes Jur√≠dicas Pr√°ticas,
Talvez estejamos no caminho certo. Me digam a√≠,Aplica√ß√µes Jur√≠dicas Pr√°ticas,
‚ÄéPTT-20250217-WA0002.opus (arquivo anexado),Aplica√ß√µes Jur√≠dicas Pr√°ticas,
" Pessoal, eu da minha parte vou fazer o seguinte, eu vou ler isso a√≠ com mais calma, porque se √© isso mesmo, talvez eu v√° mandar uma c√≥pia desse trabalho a√≠ para o pessoal l√° do sistema do STJ, porque se a gente aumentou em 92% a acur√°cia da pesquisa e reduziu em quase 50% o tempo de pesquisa, a gente fez um achado a√≠. Na verdade, o grande ganho est√° no trabalho da biblioteconomia, do trabalho que a autora fez de adapta√ß√£o do C√≥digo Decimal do Direito, que eu j√° usava aqui. Na verdade, ele faz uma classifica√ß√£o da natureza jur√≠dica anterior. Eu j√° uso isso aqui nas minhas pesquisas. Manualmente, isso √© tedioso, um trabalho muito dif√≠cil de fazer, mas para uma m√°quina √© muito f√°cil ele fez alguns a√≠ e integrou isso a classifica√ß√£o da natureza jur√≠dica depois a decomposi de fatos que o FIRAC e me parece que se for confirmado mesmo se isso a for duplic que a gente chegou a um algoritmo interessante para ajudar na pesquisa Muito bom, eu gostei, inclusive porque me trouxe a√≠ uma atualiza√ß√£o da quantidade de precedentes repetitivos, estat√≠stica e depois √© s√≥ confirmar a√≠. Eu vou aproveitar os c√≥digos que est√£o a√≠, assim que a minha internet voltar, que eu estou fazendo isso tudo do celular e vou avaliar aqui, porque eu j√° estou fazendo o c√≥digo, vamos ver como √© que fica. Eu vou precisar de um data lake, alguma coisa assim, j√° √© um trabalho de mais rua. Talvez mesmo v√° precisar mandar para o pessoal l√° do TI, do STJ. N√£o sei nem se eles v√£o levar a s√©rio isso a√≠, mas me parece bastante promissor. Quem puder comentar, eu agrade√ßo, porque eu vou precisar de ajuda nisso a√≠. Vou precisar de ajuda. Vou preparar minhas audi√™ncias aqui e as pe√ßas que eu tenho que fazer, mas me pareceu bem interessante. O que voc√™s acham?",Ferramentas e Plataformas,C√≥digo e Bibliotecas
"Puxa povo, eu t√¥ perdida nesse neg√≥cio todo rsrsü•π",Ferramentas e Plataformas,
Acho que tenho que voltar para o m√≥dulo basic,Ferramentas e Plataformas,
"N√£o se preocupe Erica.  Primeiro a gente faz o gato pegar o rato, depois a gente escolhe a cor.  Vai ficar tudo bem simples.",Ferramentas e Plataformas,
"Gostaria de dar uma sugest√£o de tema que fosse mais pr√≥ximo daquilo que s√£o suas preocupa√ß√µes?  Por favor, fique a vontade.  Essa √∫ltima discuss√£o derivou de um pedido de um amigo.  O que estamos fazendo √© leva-lo √†s √∫ltimas consequencias, testar tudo e depois fazer uma abstra√ß√£o.  O que significa que vamos simplificar tudo e preparar todo mundo para nivelarmos o conhecimento.",Aplica√ß√µes Jur√≠dicas Pr√°ticas,Processos e Fluxos de Trabalho Jur√≠dicos
"Em palavras bem simples, o plano √© o seguinte:  !. Vamos rodar os melhores modelos localmente e gratuitamente; 2. Vamos encontrar um caminho para fazer isso com o menor custo poss√≠vel; 3. Vamos empacotar tudo isso e criar os treinamentos para difundir para os advogados, ju√≠zes, amigos e quem quizer participar.  Por que? Porque n√£o?",C√≥digo Aberto e Custo,Custo e Viabilidade Econ√¥mica
"perdoem a gram√°tica dos ""porqu√™s""",C√≥digo Aberto e Custo,
Concordo com a Erica. Eu achava que possu√≠a um certo conhecimento.,Conceitos T√©cnicos e Fundamentos de IA,"Racioc√≠nio, L√≥gica e Sem√¢ntica"
N√£o desista,Conceitos T√©cnicos e Fundamentos de IA,
Foi a minha primeira sensa√ß√£o tamb√©m,Conceitos T√©cnicos e Fundamentos de IA,
Mas depois usei como combust√≠vel essa sensa√ß√£o,Conceitos T√©cnicos e Fundamentos de IA,
Pra aprender mais,Conceitos T√©cnicos e Fundamentos de IA,
"√â muito dif√≠cil acompanhar o seu conhecimento em IA, Luis.",Conceitos T√©cnicos e Fundamentos de IA,Fundamentos de IA e LLMs
Estamos bem acompanhados.  Temos uma galera que nos orienta.  Estou agorinha vendo o Chuck realizando um sonho do que podemos realizar por aqui.  https://youtu.be/Ju0ndy2kwlw?si=m0cKOpz-XbZlJ9xs,Conceitos T√©cnicos e Fundamentos de IA,
"Como eu falei aqui, abrirei a comiss√£o de IA na minha subse√ß√£o e no estado de Mato Grosso",Conceitos T√©cnicos e Fundamentos de IA,Fundamentos de IA e LLMs
Seja o nosso Mestre. At√© porque est√° dif√≠cil de acompanhar algumas situa√ß√µes‚Ä¶,Conceitos T√©cnicos e Fundamentos de IA,
"Ent√£o preciso subir degraus, e aqui √© o caminho",Conceitos T√©cnicos e Fundamentos de IA,
"Baixei o Ollama, baixei o DeepSeek, mas a m√°quina me avisou que deveria baixar biblioteca e outros paranau√™s. Da√≠ buguei.",Ferramentas e Plataformas,LLMs e Modelos
"Puxa, quanta gentileza. Todos somos mestres uns dos outros.  Na verdade s√≥ estou me empenhando nas d√∫vidas que todos tem apresentado.",Ferramentas e Plataformas,
N√£o √© gentileza. √â puro reconhecimento e respeito.,Conceitos T√©cnicos e Fundamentos de IA,"Racioc√≠nio, L√≥gica e Sem√¢ntica"
Mas voc√™ √© diferenciado mesmo,Conceitos T√©cnicos e Fundamentos de IA,Fundamentos de IA e LLMs
E eu achava que eu era ü§£ü§å,Conceitos T√©cnicos e Fundamentos de IA,
Isso √© gratificante,Conceitos T√©cnicos e Fundamentos de IA,
Concordo ‚òùüèª,Conceitos T√©cnicos e Fundamentos de IA,
"Excelente!!!! Estou vibrando aqui.   √â assim mesmo. Eu tenho aqui uma solu√ß√£o se chama Groq com ""Q""",Conceitos T√©cnicos e Fundamentos de IA,
"ontem foi anunciado um financiamento a empresa da ordem de 1,5 bi da Ar√°bia Saudita (BRICS - NOSSO AMIGO) que investe em uma tecnologia diferente para processamento.",Conceitos T√©cnicos e Fundamentos de IA,Fundamentos de IA e LLMs
Eu tenho ‚Äúmedo‚Äù do Python‚Ä¶ rs,Ferramentas e Plataformas,C√≥digo e Bibliotecas
Tem que ter um pouquinho de cautela mesmo. Mas seguindo alguns cuidados n√£o vai quebrar o sistema.,Interdisciplinaridade e Fundamentos Te√≥ricos,Inform√°tica e Tecnologia
Que legal,Interdisciplinaridade e Fundamentos Te√≥ricos,
"Eu quero aprender,  mas quero a parte um pouco mais mastigada ü§£ü§£ü§å Estou tendo que abrir uma comiss√£o de IA onde ningu√©m sabe sobre o tema e eu preciso estruturar todo o projeto",Conceitos T√©cnicos e Fundamentos de IA,Fundamentos de IA e LLMs
Vou chamar o Luiz pra ajudar e todos voc√™s pra darem ideias ü§£,Conceitos T√©cnicos e Fundamentos de IA,Fundamentos de IA e LLMs
Meu parto √© jurisprud√™ncia,Aplica√ß√µes Jur√≠dicas Pr√°ticas,Pesquisa Jur√≠dica e Jurisprudencial
Caramba. Vou tentando resolver sem conhecimento espec√≠fico. √â muito diferente do conhecimento em inform√°tica como usu√°rios.,Conceitos T√©cnicos e Fundamentos de IA,"Racioc√≠nio, L√≥gica e Sem√¢ntica"
√â o problema majorit√°rio pra todos provavelmente,Conceitos T√©cnicos e Fundamentos de IA,
O grande lance seria fornecermos os informativos de jurisprud√™ncia e a IA fazer as pesquisas de ac√≥rd√£os e precedentes de acordo com os nossos interesses.,Aplica√ß√µes Jur√≠dicas Pr√°ticas,Pesquisa Jur√≠dica e Jurisprudencial
<think>,Aplica√ß√µes Jur√≠dicas Pr√°ticas,
√â o caminho que fazem normalmente mesmo,Aplica√ß√µes Jur√≠dicas Pr√°ticas,
Ainda sobre aquela quest√£o da FIRAC?,Aplica√ß√µes Jur√≠dicas Pr√°ticas,
Ou trabalharmos com pesquisas espec√≠ficas nos sites dos tribunais por meio de scraping etc. (Se n√£o estiver enganado),Ferramentas e Plataformas,C√≥digo e Bibliotecas
vou formatar a nota para documentar isso.,Ferramentas e Plataformas,
Que comentamos,Ferramentas e Plataformas,
agora estamos quebrando o que nos empaca. A dificuldade com os termos de inform√°tica e a tecnicalidade toda.,Interdisciplinaridade e Fundamentos Te√≥ricos,Inform√°tica e Tecnologia
‚ÄéSTK-20250217-WA0003.webp (arquivo anexado),Interdisciplinaridade e Fundamentos Te√≥ricos,
Perfeito. O meu problema √© a falta de conhecimento em programa√ß√£o: isso dificulta muito.,Conceitos T√©cnicos e Fundamentos de IA,"Racioc√≠nio, L√≥gica e Sem√¢ntica"
https://share.note.sx/f0ulybwl  Veja Erica. Voc√™ vai poder fazer as perguntas e pedir que a intelig√™ncia artificial organize a explica√ß√£o com met√°foras e de maneira que voc√™ entenda,Conceitos T√©cnicos e Fundamentos de IA,Fundamentos de IA e LLMs
A integra√ß√£o que conseguiram com o Obsidian tem sido sensacional üëè,Ferramentas e Plataformas,Obsidian
Perdi essa parte,Ferramentas e Plataformas,
Obsidian √© meu terror ü§£,Ferramentas e Plataformas,Obsidian
T√¥ tentando compreender. J√° consegui integr√°-lo ao DeepSeek. O carro j√° tenho. S√≥ falta saber dirigir ü§£,Ferramentas e Plataformas,LLMs e Modelos
Kkkkkkkk,Ferramentas e Plataformas,
Quando foi que rolou essa aula de integrar com o deepseek?,Ferramentas e Plataformas,LLMs e Modelos
Sensacional!,Ferramentas e Plataformas,
Tem v√≠deo.,Ferramentas e Plataformas,
Aqui?,Ferramentas e Plataformas,
Sim üëçüèª,Ferramentas e Plataformas,
Vamos fazer juntos,Ferramentas e Plataformas,
"Bora, quando?",Ferramentas e Plataformas,
‚ÄéIMG-20250218-WA0001.jpg (arquivo anexado),Ferramentas e Plataformas,
Eu j√° consegui integrar. Agora preciso aprender a operar para tentar gerar os relat√≥rios que o Luiz tem gerado. Ou parecidos.,Aplica√ß√µes Jur√≠dicas Pr√°ticas,Documentos Jur√≠dicos e Pe√ßas Processuais
Ficarei no aguardo,Aplica√ß√µes Jur√≠dicas Pr√°ticas,
Estou montando um reposit√≥rio s√≥ com prompts personalizados,Aplica√ß√µes Jur√≠dicas Pr√°ticas,
Eu tinha feito na √©poca com o chatgpt,Ferramentas e Plataformas,LLMs e Modelos
"Meu Deus! Olha a√≠, Erica, o esculacho üòÇ",Ferramentas e Plataformas,
√© onde testei muitas coisas intensivamente,Ferramentas e Plataformas,
Fabric √© outro n√≠vel,Ferramentas e Plataformas,
√â muito bom ter o conhecimento que os colegas t√™m‚Ä¶ Mas estou milhares de quil√¥metros atr√°s‚Ä¶,Conceitos T√©cnicos e Fundamentos de IA,"Racioc√≠nio, L√≥gica e Sem√¢ntica"
Deixa disso,Conceitos T√©cnicos e Fundamentos de IA,
"Bora fazer uma sess√£o no Zoom? @5521993912150, Pode ajudar com isso?",Conceitos T√©cnicos e Fundamentos de IA,
Amanh√£?,Conceitos T√©cnicos e Fundamentos de IA,
Eu tenho Zoom. Quantas pessoas seriam e em qual hor√°rio?,Conceitos T√©cnicos e Fundamentos de IA,Fundamentos de IA e LLMs
O nosso grupo tem 28. Cabem todos no meu plano.,Conceitos T√©cnicos e Fundamentos de IA,
Sensacional.,Conceitos T√©cnicos e Fundamentos de IA,
Ent√£o bora pra cima,Conceitos T√©cnicos e Fundamentos de IA,
Quem gostaria de pedir submeter o texto a seguir em um chat e ver o resultado?,Conceitos T√©cnicos e Fundamentos de IA,Fundamentos de IA e LLMs
Posso colocar em qualquer IA o prompt?,Conceitos T√©cnicos e Fundamentos de IA,Fundamentos de IA e LLMs
Use sua initui√ß√£o. Experimente!,Conceitos T√©cnicos e Fundamentos de IA,
"import React, { useState } from 'react';",Conceitos T√©cnicos e Fundamentos de IA,
Claude no celular,Ferramentas e Plataformas,LLMs e Modelos
Vou tentar aqui,Ferramentas e Plataformas,
DeepSeek:,Ferramentas e Plataformas,LLMs e Modelos
"O c√≥digo que voc√™ forneceu √© um componente React que implementa um sistema de vota√ß√£o usando o **M√©todo de Borda**. Esse m√©todo √© um sistema de vota√ß√£o em que os eleitores classificam as op√ß√µes em ordem de prefer√™ncia, e cada posi√ß√£o recebe uma pontua√ß√£o espec√≠fica. No seu caso, a pontua√ß√£o √© a seguinte:",Ferramentas e Plataformas,C√≥digo e Bibliotecas
pessa a ele para implementar.  ou dar solu√ß√µes mais simples,Ferramentas e Plataformas,Geral
Por exemplo:,Ferramentas e Plataformas,
Sensacional,Ferramentas e Plataformas,
"Olha, segui aqui o readme da solu√ß√£o e vamos ver se funciona",Ferramentas e Plataformas,
"Pensar de traz para frente √© uma dica que dou.  Quando pedir a uma AI para fazer algo, pe√ßa que lhe d√™ um manual de como usar.  Depois pe√ßa que implemente e d√™ um README.",Ferramentas e Plataformas,
Ser√° que esse neg√≥cio funciona?,Ferramentas e Plataformas,
kkkk famosa engenharia reversa,Conceitos T√©cnicos e Fundamentos de IA,Fundamentos de IA e LLMs
Acabei de registrar o meu voto.,Conceitos T√©cnicos e Fundamentos de IA,
‚ÄéIMG-20250217-WA0005.jpg (arquivo anexado),Conceitos T√©cnicos e Fundamentos de IA,
Tanta coisa‚Ä¶,Conceitos T√©cnicos e Fundamentos de IA,
"√â divertido.  Foi a √∫nica coisa que me fez relaxar no calor de 45 graus, sem internet hoje",Conceitos T√©cnicos e Fundamentos de IA,
xo votar,Conceitos T√©cnicos e Fundamentos de IA,
votei,Conceitos T√©cnicos e Fundamentos de IA,
Eu tamb√©m.  Mas assim fica sem gra√ßa.  As op√ß√µes n√£o d√£o diverg√™ncia para resolver.  Vamos esperar mais votos do pessoal para testar esse aplciativo.  Mas vamos fazer sim.,Conceitos T√©cnicos e Fundamentos de IA,Fundamentos de IA e LLMs
‚ÄéPTT-20250217-WA0004.opus (arquivo anexado),Conceitos T√©cnicos e Fundamentos de IA,
‚ÄéIMG-20250218-WA0000.jpg (arquivo anexado),Conceitos T√©cnicos e Fundamentos de IA,
"Bom dia, Luiz. N√£o me deve nada. Eu s√≥ fiz 2 testes com o Claude e o DeepSeek.",Ferramentas e Plataformas,LLMs e Modelos
Mas uma das respostas levou a outra pesquisa que destravou um projeto aqui.,Ferramentas e Plataformas,
"Bom dia, colegas. Gostaria de consult√°-los sobre algumas ideias que tive ontem.",Conceitos T√©cnicos e Fundamentos de IA,Fundamentos de IA e LLMs
"Em raz√£o das intera√ß√µes de ontem, e dos resultados fant√°sticos que o nosso colega @5521969191621  tem obtido em seus projetos, me animei e passei a refletir em projetos que entendo muito importantes para a Advocacia, a saber:",Conceitos T√©cnicos e Fundamentos de IA,Fundamentos de IA e LLMs
‚ÄéIMG-20250219-WA0004.jpg (arquivo anexado),Conceitos T√©cnicos e Fundamentos de IA,
*Usei o modelo do flash thinking para fazer o sum√°rio da den√∫ncia do Golpe de Estado*,Conceitos T√©cnicos e Fundamentos de IA,Fundamentos de IA e LLMs
Prompt para o perplexity no modo deepresarch:,Ferramentas e Plataformas,LLMs e Modelos
‚ÄéIMG-20250219-WA0010.jpg (arquivo anexado),Ferramentas e Plataformas,
√â a primeira vez que a pesquisa do perplexity falha,Ferramentas e Plataformas,LLMs e Modelos
‚ÄéIMG-20250219-WA0012.jpg (arquivo anexado),Ferramentas e Plataformas,
‚ÄéIMG-20250219-WA0016.jpg (arquivo anexado),Ferramentas e Plataformas,
o segundo ponto da pra fazer com analise preditiva,Ferramentas e Plataformas,
https://drive.google.com/file/d/1v-prA3KICcoqXSZClQ_ewFDJaxyTU0hR/view?usp=drivesdk,Ferramentas e Plataformas,C√≥digo e Bibliotecas
‚ÄéIMG-20250219-WA0021.jpg (arquivo anexado),Ferramentas e Plataformas,
"Embora a Ai tenha acesso ao Github e o tenha citado, por hora o acesso est√° restrito at√© que tenhamos toda documenta√ß√£o organizada. J√° estou trablanhando nisso",Ferramentas e Plataformas,
Vixi‚Ä¶ Agora a coisa ficou s√©ria üßê,Conceitos T√©cnicos e Fundamentos de IA,Fundamentos de IA e LLMs
https://youtu.be/TuiPnNZ-gMA?si=_xk6mnGEXloV0MuO,Conceitos T√©cnicos e Fundamentos de IA,
‚ÄéIMG-20250220-WA0013.jpg (arquivo anexado),Conceitos T√©cnicos e Fundamentos de IA,
‚ÄéIMG-20250220-WA0014.jpg (arquivo anexado),Conceitos T√©cnicos e Fundamentos de IA,
Bem-vindos(as),Conceitos T√©cnicos e Fundamentos de IA,
"@558181252689+55 81 8125-2689 Wesley, o prompt inicial no aistudio est√° l√° na nota se quiser ver.  Na introdu√ß√£o tem o link para todos os chats",Aplica√ß√µes Jur√≠dicas Pr√°ticas,Documentos Jur√≠dicos e Pe√ßas Processuais
Se quiser acesso a todo o notebook √© s√≥ falar que abro,Aplica√ß√µes Jur√≠dicas Pr√°ticas,
Sauda√ß√µes! Prof. Willian Meister - Itapema / SC.,Conceitos T√©cnicos e Fundamentos de IA,Fundamentos de IA e LLMs
Recebi o estudo realizado por este grupo e fiquei bastante interessado sobre quem s√£o voc√™s. Tenho me interessado bastante no uso das intelig√™ncias regenerativas como ferramentas para um salto de qualidade e profundidade nas pesquisas cient√≠ficas.,Ferramentas e Plataformas,Geral
Estou dispon√≠vel para contribuir com os debates por aqui a partir de meus ainda muito superficiais conhecimentos.,Conceitos T√©cnicos e Fundamentos de IA,Fundamentos de IA e LLMs
"Bem-vindo Professor, √© um prazer t√™-lo conosco.  Vou iniciar uma pesquisa nova agora. Se quiser participar fazendo em paralelo para compararmos os resultados com v√°rias llms, j√° fica a primeira sugest√£o.  Vale para todo o pessoal.",Ferramentas e Plataformas,LLMs e Modelos
"Realize uma pesquisa jur√≠dico-dogm√°tica **exaustiva e cr√≠tica** sobre a **Forma√ß√£o de Precedente Qualificado no Brasil**, com foco nas Cortes Superiores (STF e STJ), seguindo este roteiro anal√≠tico:",Aplica√ß√µes Jur√≠dicas Pr√°ticas,Pesquisa Jur√≠dica e Jurisprudencial
quando o meu resultado ficar pronto posto aqui.,Aplica√ß√µes Jur√≠dicas Pr√°ticas,
Estou fazendo an√°lise preditiva de julgados e isso tem me interessado bastante,Aplica√ß√µes Jur√≠dicas Pr√°ticas,
Aprofundar mais ainda,Aplica√ß√µes Jur√≠dicas Pr√°ticas,
Pois os resultados s√£o excelentes,Aplica√ß√µes Jur√≠dicas Pr√°ticas,
Estou quase terminando aqui e fiz uma cr√≠tica ao resultado pedindo uma complementa√ß√£o do que faltou apreciar na primeira rodada. Agora estou colocando as cita√ß√µes em ordem para garantir a consist√™ncia e renumerando as cita√ß√µes no formato ABNT.  Provavelmente teremos um bom material para reformular os prompts de pesquisa de jurisprud√™ncia.,Ferramentas e Plataformas,Zotero
vamos ler juntos.  Ainda n√£o avaliei,Ferramentas e Plataformas,
‚ÄéForma√ß√£o de Precedente Qualificado no Brasil_Uma An√°lise Jur√≠dico-Dogm√°tica nas Cortes Superiores.pdf (arquivo anexado),Aplica√ß√µes Jur√≠dicas Pr√°ticas,Pesquisa Jur√≠dica e Jurisprudencial
Sensacional!,Aplica√ß√µes Jur√≠dicas Pr√°ticas,
ainda preciso mudar o modelo de gera√ß√£o. mas j√° aprendi a fazer isso,Aplica√ß√µes Jur√≠dicas Pr√°ticas,
Para mais detalhes sobre o processo de itera√ß√£o para gerar essa pesquisa acesse o gr√°fico,Aplica√ß√µes Jur√≠dicas Pr√°ticas,Processos e Fluxos de Trabalho Jur√≠dicos
https://youtu.be/wjZofJX0v4M?si=28f0behlWxWwMG55,Aplica√ß√µes Jur√≠dicas Pr√°ticas,
‚ÄéIMG-20250221-WA0000.jpg (arquivo anexado),Aplica√ß√µes Jur√≠dicas Pr√°ticas,
"MoE, a ideia central por traz da rede neural e dos transformes",Conceitos T√©cnicos e Fundamentos de IA,Fundamentos de IA e LLMs
Quando voc√™ entende,Conceitos T√©cnicos e Fundamentos de IA,
Tudo muda,Conceitos T√©cnicos e Fundamentos de IA,
"Esses v√≠deos s√£o sensacionais, s√£o parte de um curso de matem√°tica que consegui aqui. Estou estudando para entender as nota√ß√µes matem√°ticas e a aplica√ß√£o dos problemas matem√°ticos na interpreta√ß√£o de argumenta√ß√£o.",Interdisciplinaridade e Fundamentos Te√≥ricos,Matem√°tica e Estat√≠stica
a √∫ltima de hoje √© uma plataforma que vou compartilhar com voc√™s para usarem gratuitametne o deepseek R1 (SEM SENSURA),Ferramentas e Plataformas,Geral
https://labs.perplexity.ai,Ferramentas e Plataformas,LLMs e Modelos
Deep search do perplexity t√° topzera,Ferramentas e Plataformas,LLMs e Modelos
"E a sess√£o do zoom, vai rolar amanh√£?",Ferramentas e Plataformas,
Qual hor√°rio?,Ferramentas e Plataformas,
u√©? 10 horas,Ferramentas e Plataformas,
quem vai disponibilizar a sala?,Ferramentas e Plataformas,
N√£o consigo acompanhar o grupo 100%ü§£,Ferramentas e Plataformas,
Teve um rapaz que falou que ia anteontem,Conceitos T√©cnicos e Fundamentos de IA,Fundamentos de IA e LLMs
quem foi? Vamos esperar. Vou tentar um amigo aqui tamb√©m,Conceitos T√©cnicos e Fundamentos de IA,
Me informem o hor√°rio e forne√ßo o link para quem quiser ou puder participar.,Conceitos T√©cnicos e Fundamentos de IA,
"@5521969191621 Eu gostaria de incluir no grupo o Prof. Fernando Aguillar de SP, idealizador de um sistema de gamifica√ß√£o jur√≠dica na educa√ß√£o e que poder√° contribuir com a gente.",Conceitos T√©cnicos e Fundamentos de IA,Fundamentos de IA e LLMs
‚ÄéAguillar.vcf (arquivo anexado),Conceitos T√©cnicos e Fundamentos de IA,
"Poderia fazer a inclus√£o dele, por favor?",Conceitos T√©cnicos e Fundamentos de IA,Fundamentos de IA e LLMs
‚ÄéPTT-20250221-WA0001.opus (arquivo anexado),Conceitos T√©cnicos e Fundamentos de IA,
‚ÄéPTT-20250221-WA0004.opus (arquivo anexado),Conceitos T√©cnicos e Fundamentos de IA,
"J√° enviei o convite. Por favor, fa√ßa contato com o Professor novamente para confirmar.",C√≥digo Aberto e Custo,Custo e Viabilidade Econ√¥mica
Obrigado!,C√≥digo Aberto e Custo,
@5521969191621 Quais plugins do Obsidian voc√™ recomenda?,Ferramentas e Plataformas,Obsidian
‚ÄéIMG-20250221-WA0008.jpg (arquivo anexado),Ferramentas e Plataformas,
Obrigado.,Ferramentas e Plataformas,
"use um de cada vez, sen√£o vai dar um n√≥ na cabe√ßa",Ferramentas e Plataformas,
Deus me ajude.,Ferramentas e Plataformas,
"comece do simples.  Por exemplo, vou te mandar uma nota do obsidian que estou criando aqui para voc√™ fazer um exerc√≠cio com AI, a medida que for fazendo o exerc√≠cio e tiver d√∫vidas crie outra nota e insira um link.",Ferramentas e Plataformas,Obsidian
Beleza. Obrigado.,Ferramentas e Plataformas,
‚ÄéIMG-20250221-WA0009.jpg (arquivo anexado),Ferramentas e Plataformas,
Ol√°! Como abre a nota no obsidian?,Ferramentas e Plataformas,Obsidian
abre o link que enviei com a nota inicial copia e cola no obsidian,Ferramentas e Plataformas,Obsidian
@5511996888062 j√° conseguiu fazer isso.  Ser√° que ele pode te ajudar?,Ferramentas e Plataformas,
Eu tenho aqui o primeiro exemplo de resposta.  Claro que fiz o desafio tamb√©m.  https://share.note.sx/xmi1tnrq,Ferramentas e Plataformas,
Abra a pasta do cofre e copie para l√°,Ferramentas e Plataformas,
Isso,Ferramentas e Plataformas,
Copio o link? Vou tentar,Ferramentas e Plataformas,
‚ÄéPTT-20250221-WA0011.opus (arquivo anexado),Ferramentas e Plataformas,
"N√£o Rodrigo,",Ferramentas e Plataformas,
‚ÄéPTT-20250221-WA0012.opus (arquivo anexado),Ferramentas e Plataformas,
Eu copiei o arquivo md e colei na pasta (cofre) do Obsidian,Ferramentas e Plataformas,Obsidian
‚ÄéPTT-20250221-WA0013.opus (arquivo anexado),Ferramentas e Plataformas,
‚ÄéPTT-20250221-WA0014.opus (arquivo anexado),Ferramentas e Plataformas,
"Conseguiu, @5521991319888 ?",Ferramentas e Plataformas,
Vou tentar!,Ferramentas e Plataformas,
‚ÄéPTT-20250221-WA0015.opus (arquivo anexado),Ferramentas e Plataformas,
Estou respondendo essas mensagens para atualizar o pesssoal sobre o que estamos falando,Ferramentas e Plataformas,
consegui fazer um desavio aqui.  olha a resposta  https://share.note.sx/xmi1tnrq,Ferramentas e Plataformas,
Olha que legal.  A perplexity nos achou,Ferramentas e Plataformas,LLMs e Modelos
üëèüëèüëè,Ferramentas e Plataformas,
‚ÄéIMG-20250222-WA0010.jpg (arquivo anexado),Ferramentas e Plataformas,
Quanto avan√ßo!,Ferramentas e Plataformas,
"Fant√°stico. N√£o h√° limites. Parab√©ns, @5521969191621 .",Ferramentas e Plataformas,
Eu fiz essa ai porque era o mais dif√≠cil pra testar a euristica de Taleb.  Mas temos uma sess√£o toda dedicaada aos iniciantes.,Conceitos T√©cnicos e Fundamentos de IA,Fundamentos de IA e LLMs
"Notem que nesse ai falta criar os arquivos.  Podemos come√ßar avaliando o primeiro l√° em cima para melhorar, por exemplo, a cita√ß√£o das fontes.  Tem uns links inv√°lidos. O que mostra que o modelo alucinou.  Problema do Gemini.  O deepseek n√£o estava pesquisando. Mais ai eu descobri como instalar o deepresarch localmente.  J√° pensaram, ter o seu perplexity particular?",Ferramentas e Plataformas,Zotero
Ontem eu comentei com amigos os trabalhos que voc√™ tem desenvolvido.,Ferramentas e Plataformas,
‚ÄéSTK-20230607-WA0003.webp (arquivo anexado),Ferramentas e Plataformas,
‚ÄéVID-20250222-WA0012.mp4 (arquivo anexado),Ferramentas e Plataformas,
Eu consegui baixar o DeepSeek com o Ollama.,Ferramentas e Plataformas,LLMs e Modelos
tem que ver o tamanho do modelo e o da tua vram.  estava fazendo isso ontem,Conceitos T√©cnicos e Fundamentos de IA,Hardware e Infraestrutura
bora documentar a experi√™nncia.  Faz ai no teu valut,Conceitos T√©cnicos e Fundamentos de IA,Fundamentos de IA e LLMs
n√£o liga pra beleza,Conceitos T√©cnicos e Fundamentos de IA,
‚ÄéSTK-20250107-WA0024.webp (arquivo anexado),Conceitos T√©cnicos e Fundamentos de IA,
vo udar uma volta,Conceitos T√©cnicos e Fundamentos de IA,
S√≥ para lembrar onde essa conversa come√ßou,Conceitos T√©cnicos e Fundamentos de IA,
J√° pensou ter um perplexity? Seria fant√°stico!!!,Ferramentas e Plataformas,LLMs e Modelos
"@5521969191621 comecei a refletir aqui, come√ßamos o grupo com uma live e algumas pessoas, agora j√° estamos bem avan√ßados, estamos vendo alguma coisa surgir. Legal!",Ferramentas e Plataformas,
√â verdade. O r√≠tmo das mudan√ßas  √© muito r√°pido.  Acredito que estrat√©gia √© aprender um pouco a cada dia.  O pessoal est√° chegando mesmoo.,Conceitos T√©cnicos e Fundamentos de IA,Fundamentos de IA e LLMs
‚ÄéIMG-20250223-WA0027.jpg (arquivo anexado),Conceitos T√©cnicos e Fundamentos de IA,
vou tentar com outro modelo e retorno com o resultado da pesquisa.,Conceitos T√©cnicos e Fundamentos de IA,
"Opa, aguardamos",Conceitos T√©cnicos e Fundamentos de IA,
estou criando um prompt para analisar os problemas com a quest√£o da teoria da actio nata,Conceitos T√©cnicos e Fundamentos de IA,Fundamentos de IA e LLMs
"usei outro modelo, o Qwen da Alibaba  que tem batido o o3 e o Deepseek R1",Ferramentas e Plataformas,LLMs e Modelos
E aqui est√° o link do novo desafio.  Quem quiser tentar com outras ferramentas o prompt gerado ficou assim> https://share.note.sx/dw5v72nu,Ferramentas e Plataformas,Geral
‚ÄéIMG-20250223-WA0028.jpg (arquivo anexado),Ferramentas e Plataformas,
"me parece que tem um errino em algum ponto de umas das bibliografias, vou atualizar aqui com a minha base de dados do zotero",Ferramentas e Plataformas,Zotero
‚ÄéSTJ - 2019 - RECURSO ESPECIAL N¬∫ 1.745.643 - MT (20170213622-4.pdf (arquivo anexado),Aplica√ß√µes Jur√≠dicas Pr√°ticas,Pesquisa Jur√≠dica e Jurisprudencial
‚ÄéRelat√≥rio Zotero Actio Nata.html (arquivo anexado),Ferramentas e Plataformas,Zotero
√© s√≥ baixar e abrir no browser,Ferramentas e Plataformas,
"Tem tamb√©m uma obra seminal citada. VON SAVIGNY, Friedrich Karl. Sistema del derecho romano actual. [s.l.]: F. G√≥ngora y Compa√±√≠a, 1879. Dispon√≠vel em: <https://books.google.com/books?hl=en&lr=&id=_CQUAAAAYAAJ&oi=fnd&pg=PA79&dq=SAVIGNY,+Friedrich+Karl+Von.+Sistema+del+Derecho+Romano+Actual.+1879,+Tomo+IV,&ots=7jgxgJgqky&sig=uVS45iDFWx67vutzpQCbA-ktKIw>. Acesso em: 26¬†jul.¬†2024.",Interdisciplinaridade e Fundamentos Te√≥ricos,Inform√°tica e Tecnologia
‚ÄéIMG-20250224-WA0000.jpg (arquivo anexado),Interdisciplinaridade e Fundamentos Te√≥ricos,
‚ÄéIMG-20250224-WA0001.jpg (arquivo anexado),Interdisciplinaridade e Fundamentos Te√≥ricos,
‚ÄéIMG-20250224-WA0002.jpg (arquivo anexado),Interdisciplinaridade e Fundamentos Te√≥ricos,
A atualiza√ß√£o dessa ferramenta √© at√© 2023. Eu fui comparar e vi que o ChatGPT deu resposta com proje√ß√£o para 2025 <Mensagem editada>,Ferramentas e Plataformas,Geral
"Estou criando um Jail Break - √© um ""prompt habeas corpus"" - para eliminar esses vieses.  Imagina s√≥, a gente buscando quest√µes sobre direito penal, constitucional, casos de quest√µes controvert√≠das com rigor intelectual e cient√≠fico",Aplica√ß√µes Jur√≠dicas Pr√°ticas,√Åreas do Direito
"Pessoal,",Aplica√ß√µes Jur√≠dicas Pr√°ticas,
‚ÄéIMG-20250224-WA0003.jpg (arquivo anexado),Aplica√ß√µes Jur√≠dicas Pr√°ticas,
isso √© que √© vi√©s!!!!,Aplica√ß√µes Jur√≠dicas Pr√°ticas,
‚ÄéA Teoria da Actio Nata no Contexto de Viol√™ncia Dom√©stica.pdf (arquivo anexado),Conceitos T√©cnicos e Fundamentos de IA,Fundamentos de IA e LLMs
bom dia. algu√©m tem algum anonimizador de dados para compartilhar?,Conceitos T√©cnicos e Fundamentos de IA,Fundamentos de IA e LLMs
Me chama no privado pra dar mais detalhes,Conceitos T√©cnicos e Fundamentos de IA,
‚ÄéIMG-20250224-WA0021.jpg (arquivo anexado),Conceitos T√©cnicos e Fundamentos de IA,
‚ÄéCr√≠tica sobre M√©todos de Estrutura√ß√£o de Problemas Jur√≠dicos para Otimiza√ß√£o de Pesquisas com IA.pdf (arquivo anexado),Conceitos T√©cnicos e Fundamentos de IA,Fundamentos de IA e LLMs
‚ÄéIMG-20250224-WA0023.jpg (arquivo anexado),Conceitos T√©cnicos e Fundamentos de IA,
"‚ÄéAmbi√ß√£o, √âtica e Disrup√ß√£o Tecnol√≥gica.pdf (arquivo anexado)",Conceitos T√©cnicos e Fundamentos de IA,"Racioc√≠nio, L√≥gica e Sem√¢ntica"
Bem vindos os novos membros. ,Conceitos T√©cnicos e Fundamentos de IA,
üëèüëèüëè,Conceitos T√©cnicos e Fundamentos de IA,
"Aos novos membros, sejam bem vindos!",Conceitos T√©cnicos e Fundamentos de IA,
"Bem-vindos, colegas. Sintam-se abra√ßados!",Conceitos T√©cnicos e Fundamentos de IA,
‚ÄéEntendendo Algoritmos Defini√ß√µes e Aplica√ß√µes na Matem√°tica e Inform√°tica.pdf (arquivo anexado),Conceitos T√©cnicos e Fundamentos de IA,Fundamentos de IA e LLMs
‚ÄéPTT-20250224-WA0025.opus (arquivo anexado),Conceitos T√©cnicos e Fundamentos de IA,
