Responder,Respondido_por
Luiz Peixoto,Larsen
Larsen,Luiz Peixoto
Luiz Peixoto,Roberta Afilhada
Roberta Afilhada,Larsen
Larsen,Luiz Peixoto
Luiz Peixoto,Victor Fentanes
Victor Fentanes,Luiz Peixoto
Luiz Peixoto,Paulo Carlos Adv
Paulo Carlos Adv,Luiz Peixoto
Luiz Peixoto,Renan Aguiar
Renan Aguiar,Luiz Peixoto
Luiz Peixoto,Caio Simon
Caio Simon,Renan Aguiar
Renan Aguiar,Roberta Afilhada
Roberta Afilhada,PNe 1vc_pnz
PNe 1vc_pnz,Luiz Peixoto
Luiz Peixoto,PNe 1vc_pnz
PNe 1vc_pnz,Luiz Peixoto
Luiz Peixoto,Viny Campos
Viny Campos,Luiz Peixoto
Luiz Peixoto,Viny Campos
Viny Campos,Luiz Peixoto
Luiz Peixoto,Viny Campos
Viny Campos,Luiz Peixoto
Luiz Peixoto,Viny Campos
Viny Campos,Luiz Peixoto
Luiz Peixoto,PNe 1vc_pnz
PNe 1vc_pnz,Viny Campos
Viny Campos,Luiz Peixoto
Luiz Peixoto,Paulo Carlos Adv
Paulo Carlos Adv,Luiz Peixoto
Luiz Peixoto,Paulo Carlos Adv
Paulo Carlos Adv,Luiz Peixoto
Luiz Peixoto,Paulo Carlos Adv
Paulo Carlos Adv,Luiz Peixoto
Luiz Peixoto,Paulo Carlos Adv
Paulo Carlos Adv,Luiz Peixoto
Luiz Peixoto,Viny Campos
Viny Campos,Luiz Peixoto
Luiz Peixoto,Viny Campos
Viny Campos,Luiz Peixoto
Luiz Peixoto,Viny Campos
Viny Campos,Luiz Peixoto
Luiz Peixoto,Viny Campos
Viny Campos,Luiz Peixoto
Luiz Peixoto,Viny Campos
Viny Campos,Luiz Peixoto
Luiz Peixoto,Paulo Carlos Adv
Paulo Carlos Adv,Luiz Peixoto
Luiz Peixoto,Viny Campos
Viny Campos,Luiz Peixoto
Luiz Peixoto,Viny Campos
Viny Campos,Leo Toco
Leo Toco,Luiz Peixoto
Luiz Peixoto,Leo Toco
Leo Toco,Viny Campos
Viny Campos,Leo Toco
Leo Toco,Viny Campos
Viny Campos,Paulo Carlos Adv
Paulo Carlos Adv,Leo Toco
Leo Toco,Luiz Peixoto
Luiz Peixoto,Paulo Carlos Adv
Paulo Carlos Adv,Luiz Peixoto
Luiz Peixoto,Paulo Carlos Adv
Paulo Carlos Adv,Luiz Peixoto
Luiz Peixoto,PNe 1vc_pnz
PNe 1vc_pnz,Paulo Carlos Adv
Paulo Carlos Adv,Luiz Peixoto
Luiz Peixoto,Viny Campos
Viny Campos,Luiz Peixoto
Luiz Peixoto,Renan Aguiar
Renan Aguiar,Luiz Peixoto
Luiz Peixoto,Viny Campos
Viny Campos,Luiz Peixoto
Luiz Peixoto,Caio Simon
Caio Simon,Luiz Peixoto
Luiz Peixoto,Caio Simon
Caio Simon,Luiz Peixoto
Luiz Peixoto,Paulo Carlos Adv
Paulo Carlos Adv,Luiz Peixoto
Luiz Peixoto,Paulo Carlos Adv
Paulo Carlos Adv,Luiz Peixoto
Luiz Peixoto,Paulo Carlos Adv
Paulo Carlos Adv,Luiz Peixoto
Luiz Peixoto,PNe 1vc_pnz
PNe 1vc_pnz,Luiz Peixoto
Luiz Peixoto,Viny Campos
Viny Campos,Luiz Peixoto
Luiz Peixoto,Paulo Carlos Adv
Paulo Carlos Adv,Luiz Peixoto
Luiz Peixoto,PNe 1vc_pnz
PNe 1vc_pnz,Luiz Peixoto
Luiz Peixoto,PNe 1vc_pnz
PNe 1vc_pnz,Luiz Peixoto
Luiz Peixoto,Paulo Carlos Adv
Paulo Carlos Adv,Luiz Peixoto
Luiz Peixoto,Victor Emanuel
Victor Emanuel,Luiz Peixoto
Luiz Peixoto,Victor Emanuel
Victor Emanuel,Luiz Peixoto
Luiz Peixoto,Victor Emanuel
Victor Emanuel,Luiz Peixoto
Luiz Peixoto,Victor Emanuel
Victor Emanuel,Luiz Peixoto
Luiz Peixoto,Paulo Carlos Adv
Paulo Carlos Adv,Luiz Peixoto
Luiz Peixoto,Alessandro Segalla
Alessandro Segalla,+55 61 9338-2501
+55 61 9338-2501,Paulo Carlos Adv
Paulo Carlos Adv,Luiz Peixoto
Luiz Peixoto,+55 48 9645-9366
+55 48 9645-9366,Luiz Peixoto
Luiz Peixoto,Paulo Carlos Adv
Paulo Carlos Adv,Luiz Peixoto
Luiz Peixoto,Viny Campos
Viny Campos,Luiz Peixoto
Luiz Peixoto,Viny Campos
Viny Campos,+55 48 9645-9366
+55 48 9645-9366,Luiz Peixoto
Luiz Peixoto,Viny Campos
Viny Campos,Paulo Carlos Adv
Paulo Carlos Adv,Luiz Peixoto
Luiz Peixoto,Paulo Carlos Adv
Paulo Carlos Adv,Viny Campos
Viny Campos,Paulo Carlos Adv
Paulo Carlos Adv,Luiz Peixoto
Luiz Peixoto,Viny Campos
Viny Campos,Luiz Peixoto
Luiz Peixoto,+55 61 9338-2501
+55 61 9338-2501,Luiz Peixoto
Luiz Peixoto,Viny Campos
Viny Campos,Luiz Peixoto
Luiz Peixoto,Viny Campos
Viny Campos,Luiz Peixoto
Luiz Peixoto,Viny Campos
Viny Campos,Luiz Peixoto
Luiz Peixoto,Viny Campos
Viny Campos,Luiz Peixoto
Luiz Peixoto,Viny Campos
Viny Campos,Luiz Peixoto
Luiz Peixoto,Viny Campos
Viny Campos,Luiz Peixoto
Luiz Peixoto,Viny Campos
Viny Campos,Luiz Peixoto
Luiz Peixoto,Viny Campos
Viny Campos,Luiz Peixoto
Luiz Peixoto,Viny Campos
Viny Campos,Luiz Peixoto
Luiz Peixoto,Viny Campos
Viny Campos,Luiz Peixoto
Luiz Peixoto,Viny Campos
Viny Campos,Luiz Peixoto
Luiz Peixoto,Viny Campos
Viny Campos,Luiz Peixoto
Luiz Peixoto,Viny Campos
Viny Campos,Luiz Peixoto
Luiz Peixoto,Viny Campos
Viny Campos,Luiz Peixoto
Luiz Peixoto,Viny Campos
Viny Campos,Luiz Peixoto
Luiz Peixoto,Paulo Carlos Adv
Paulo Carlos Adv,Luiz Peixoto
Luiz Peixoto,PNe 1vc_pnz
PNe 1vc_pnz,Luiz Peixoto
Luiz Peixoto,Caio Simon
Caio Simon,Paulo Carlos Adv
Paulo Carlos Adv,Luiz Peixoto
Luiz Peixoto,Caio Simon
Caio Simon,Luiz Peixoto
Luiz Peixoto,+55 19 93619-8074
+55 19 93619-8074,Alessandro Segalla
Alessandro Segalla,+55 19 93619-8074
+55 19 93619-8074,Alessandro Segalla
Alessandro Segalla,+55 19 93619-8074
+55 19 93619-8074,Alessandro Segalla
Alessandro Segalla,Luiz Peixoto
Luiz Peixoto,Thabata Núcleo AIG DIREITO
Thabata Núcleo AIG DIREITO,Luiz Peixoto
Luiz Peixoto,Renan Aguiar
Renan Aguiar,Luiz Peixoto
Luiz Peixoto,Alessandro Segalla
Alessandro Segalla,Luiz Peixoto
Luiz Peixoto,Alessandro Segalla
Alessandro Segalla,Luiz Peixoto
Luiz Peixoto,Alessandro Segalla
Alessandro Segalla,Caio Simon
Caio Simon,Luiz Peixoto
Luiz Peixoto,Viny Campos
Viny Campos,+55 19 99295-4284
+55 19 99295-4284,Luiz Peixoto
Luiz Peixoto,Viny Campos
Viny Campos,Luiz Peixoto
Luiz Peixoto,Caio Simon
Caio Simon,Luiz Peixoto
Luiz Peixoto,PNe 1vc_pnz
PNe 1vc_pnz,Luiz Peixoto
Luiz Peixoto,Alessandro Segalla
Alessandro Segalla,Paulo Carlos Adv
Paulo Carlos Adv,Luiz Peixoto
Luiz Peixoto,Paulo Carlos Adv
Paulo Carlos Adv,Luiz Peixoto
Luiz Peixoto,Paulo Carlos Adv
Paulo Carlos Adv,Luiz Peixoto
Luiz Peixoto,Caio Simon
Caio Simon,Paulo Carlos Adv
Paulo Carlos Adv,Luiz Peixoto
Luiz Peixoto,Paulo Carlos Adv
Paulo Carlos Adv,Luiz Peixoto
Luiz Peixoto,Viny Campos
Viny Campos,Luiz Peixoto
Luiz Peixoto,Paulo Carlos Adv
Paulo Carlos Adv,Luiz Peixoto
Luiz Peixoto,Paulo Carlos Adv
Paulo Carlos Adv,Luiz Peixoto
Luiz Peixoto,Paulo Carlos Adv
Paulo Carlos Adv,Luiz Peixoto
Luiz Peixoto,Viny Campos
Viny Campos,Luiz Peixoto
Luiz Peixoto,Paulo Carlos Adv
Paulo Carlos Adv,Luiz Peixoto
Luiz Peixoto,Viny Campos
Viny Campos,Luiz Peixoto
Luiz Peixoto,+55 51 2160-2303
+55 51 2160-2303,+55 48 9645-9366
+55 48 9645-9366,Luiz Peixoto
Luiz Peixoto,Alessandro Segalla
Alessandro Segalla,Luiz Peixoto
Luiz Peixoto,Viny Campos
Viny Campos,Alessandro Segalla
Alessandro Segalla,Luiz Peixoto
Luiz Peixoto,Viny Campos
Viny Campos,Alessandro Segalla
Alessandro Segalla,Viny Campos
Viny Campos,Alessandro Segalla
Alessandro Segalla,Luiz Peixoto
Luiz Peixoto,Alessandro Segalla
Alessandro Segalla,Viny Campos
Viny Campos,Alessandro Segalla
Alessandro Segalla,Luiz Peixoto
Luiz Peixoto,Alessandro Segalla
Alessandro Segalla,Luiz Peixoto
Luiz Peixoto,+55 48 9645-9366
+55 48 9645-9366,Viny Campos
Viny Campos,+55 48 9645-9366
+55 48 9645-9366,Alessandro Segalla
Alessandro Segalla,Viny Campos
Viny Campos,Alessandro Segalla
Alessandro Segalla,Luiz Peixoto
Luiz Peixoto,Viny Campos
Viny Campos,Alessandro Segalla
Alessandro Segalla,Luiz Peixoto
Luiz Peixoto,Viny Campos
Viny Campos,Luiz Peixoto
Luiz Peixoto,+55 48 9645-9366
+55 48 9645-9366,Alessandro Segalla
Alessandro Segalla,Luiz Peixoto
Luiz Peixoto,Alessandro Segalla
Alessandro Segalla,Viny Campos
Viny Campos,Alessandro Segalla
Alessandro Segalla,Viny Campos
Viny Campos,Alessandro Segalla
Alessandro Segalla,Viny Campos
Viny Campos,Alessandro Segalla
Alessandro Segalla,Luiz Peixoto
Luiz Peixoto,Viny Campos
Viny Campos,Luiz Peixoto
Luiz Peixoto,Alessandro Segalla
Alessandro Segalla,Viny Campos
Viny Campos,Luiz Peixoto
Luiz Peixoto,Viny Campos
Viny Campos,Alessandro Segalla
Alessandro Segalla,Luiz Peixoto
Luiz Peixoto,Viny Campos
Viny Campos,Alessandro Segalla
Alessandro Segalla,Luiz Peixoto
Luiz Peixoto,Viny Campos
Viny Campos,Alessandro Segalla
Alessandro Segalla,Viny Campos
Viny Campos,Luiz Peixoto
Luiz Peixoto,Viny Campos
Viny Campos,Luiz Peixoto
Luiz Peixoto,Alessandro Segalla
Alessandro Segalla,Viny Campos
Viny Campos,Alessandro Segalla
Alessandro Segalla,Luiz Peixoto
Luiz Peixoto,Alessandro Segalla
Alessandro Segalla,Luiz Peixoto
Luiz Peixoto,Viny Campos
Viny Campos,Alessandro Segalla
Alessandro Segalla,Luiz Peixoto
Luiz Peixoto,Alessandro Segalla
Alessandro Segalla,Luiz Peixoto
Luiz Peixoto,Viny Campos
Viny Campos,Luiz Peixoto
Luiz Peixoto,Alessandro Segalla
Alessandro Segalla,Luiz Peixoto
Luiz Peixoto,Alessandro Segalla
Alessandro Segalla,Luiz Peixoto
Luiz Peixoto,Viny Campos
Viny Campos,Luiz Peixoto
Luiz Peixoto,Alessandro Segalla
Alessandro Segalla,Luiz Peixoto
Luiz Peixoto,Prof. Willian Meister
Prof. Willian Meister,Luiz Peixoto
Luiz Peixoto,Viny Campos
Viny Campos,Luiz Peixoto
Luiz Peixoto,Alessandro Segalla
Alessandro Segalla,Luiz Peixoto
Luiz Peixoto,Viny Campos
Viny Campos,Luiz Peixoto
Luiz Peixoto,Viny Campos
Viny Campos,Luiz Peixoto
Luiz Peixoto,Viny Campos
Viny Campos,Luiz Peixoto
Luiz Peixoto,Viny Campos
Viny Campos,Luiz Peixoto
Luiz Peixoto,Alessandro Segalla
Alessandro Segalla,Luiz Peixoto
Luiz Peixoto,Alessandro Segalla
Alessandro Segalla,Luiz Peixoto
Luiz Peixoto,Alessandro Segalla
Alessandro Segalla,Luiz Peixoto
Luiz Peixoto,Alessandro Segalla
Alessandro Segalla,Luiz Peixoto
Luiz Peixoto,Alessandro Segalla
Alessandro Segalla,Luiz Peixoto
Luiz Peixoto,+55 21 99131-9888
+55 21 99131-9888,Luiz Peixoto
Luiz Peixoto,Alessandro Segalla
Alessandro Segalla,Luiz Peixoto
Luiz Peixoto,+55 21 99131-9888
+55 21 99131-9888,Luiz Peixoto
Luiz Peixoto,Alessandro Segalla
Alessandro Segalla,Luiz Peixoto
Luiz Peixoto,Alessandro Segalla
Alessandro Segalla,+55 21 99131-9888
+55 21 99131-9888,Alessandro Segalla
Alessandro Segalla,Luiz Peixoto
Luiz Peixoto,Alessandro Segalla
Alessandro Segalla,Luiz Peixoto
Luiz Peixoto,Paulo Carlos Adv
Paulo Carlos Adv,Alessandro Segalla
Alessandro Segalla,Luiz Peixoto
Luiz Peixoto,Alessandro Segalla
Alessandro Segalla,Luiz Peixoto
Luiz Peixoto,Alessandro Segalla
Alessandro Segalla,Luiz Peixoto
Luiz Peixoto,Paulo Carlos Adv
Paulo Carlos Adv,Luiz Peixoto
Luiz Peixoto,Viny Campos
Viny Campos,Luiz Peixoto
Luiz Peixoto,Paulo Carlos Adv
Paulo Carlos Adv,Luiz Peixoto
Luiz Peixoto,PNe 1vc_pnz
PNe 1vc_pnz,Luiz Peixoto
Luiz Peixoto,Alessandro Segalla
Alessandro Segalla,Paulo Carlos Adv
Paulo Carlos Adv,Alessandro Segalla
Alessandro Segalla,Luiz Peixoto
